Monday,Tuesday,Wednesday,Thursday,Friday,Saturday
-0.007892384243364511,-0.5853626084123436,0.39481435148686883,1.5840299575689054,0.4454944366207901,0.04878325138167315
-1.5443865029179429,-0.08153335844391686,1.1402224008710653,1.0097013953212033,1.468101049920811,-0.34947650096887073
0.8913018100500539,0.09264662569338195,-0.31983227494653216,0.17053365977420093,-0.8040181553899888,-1.184262793938888
-0.4495430174182478,-1.1394890528394346,1.0086336404928338,0.4058585145287289,1.5753940287721295,0.3460767614985695
-0.003372440904858341,1.4551750190705894,-0.9154312396279691,1.0864425195950338,0.5216653594484971,-0.5374086429578666
0.34781885692442827,1.471974158932607,1.1411135760123368,-0.6348029905405439,-0.5561763861037619,-1.4879223846586576
-0.8243369346474312,1.149296660774907,1.4815964466591574,-1.7307087436353816,-0.45707840709742137,0.21249341877899464
-0.3142609583060709,-0.4249578841851206,1.5120379258316683,0.14251552913587262,-0.485067586456447,0.7122687681818072
-0.8480179454416886,0.4585597036844243,-0.19464192077791728,-1.220772804521011,0.4861101037237055,0.3789635270469879
0.3852177479186128,-0.10407646336212825,1.1255027441691796,0.7078376703779147,-0.27718784096753724,-0.42844337684191547
-1.5049497197443666,-1.5664587283209808,0.35568967960897774,-1.1296200254071944,-0.9895128480908749,1.0875223017280622
0.5635805487307263,-0.7980420497023417,-1.6984608395700684,-0.13597420455245024,-0.2723795722191721,-0.5266202350010885
-0.5387700309117521,0.9462972486009887,0.49371727796733633,0.6763958085701813,1.42788711333007,0.8191159634150785
-1.3695130781010232,-0.15361629733896448,0.8416721311676955,-0.14566632396262635,-0.7654312938994501,1.3470091276628606
1.174128883979534,1.2737931264377056,0.24819075254045897,-0.8817628808398692,-1.4211308168692907,-1.7036279666127088
1.4536894247920358,-0.4729762145250582,0.6773138452773643,-0.6313900857834627,-1.7666544647534763,-0.5473443508494898
0.4910350262883709,0.9280242267275386,0.3846723427599312,-0.7079190468252805,0.4489311542892344,-0.05355468129875893
-1.038498819338711,0.35299617852884857,0.957851649451882,0.24598760210737944,0.7749728078802529,-0.7663875917493037
0.03687193324223436,0.251634522955173,-0.5074176281160236,0.11888213818646734,0.7523272438500386,0.1581266008502637
-0.36558378210519027,0.9525332505408856,-1.516332432671668,1.4827194052986505,1.508715532908536,-0.8702386656690395
0.22893969058736902,-1.568181899272557,1.2611123040901038,0.38222174014075594,0.3839710327945734,-0.4560536919880533
0.34347824519940623,-1.6364666825104979,-0.6255627527047959,-0.16968642768151404,-0.6724197517528158,1.3160883028511594
1.1236761592054494,1.477984071711995,-0.4232118708839333,-0.7181953667791752,0.6463248738012235,0.012743267011176574
-1.3751980067123222,-0.30861315700311637,-1.8521253371900206,-0.02478018790798899,-0.8199718888567054,-0.8265397519748691
0.716398581781674,1.4780507379849295,-0.93066938311895,1.4001616792745746,0.7102539802726772,-0.8646195034931381
0.31944802162907765,-1.3096737492760007,-1.6336629907927325,-0.45558498710276324,-0.29043659416506423,1.3261488878117604
-0.4570501941616602,-1.2435861460521265,-1.1656595734386581,-0.5606578988646181,0.7976069588081115,-1.5598255065529454
-0.026802870292373875,0.473618001673003,-0.3036080247052007,0.3291959381459402,1.3492959618319196,0.17648842907246184
0.6579462215995372,1.1307929183224221,1.1331386180823568,1.0650063283033533,0.924491677456811,1.6043607513177411
0.0467756032998567,1.523789903558005,1.6499621801634474,0.1787858541187629,-1.5087873277383035,-0.543970959754469
0.7315257805473457,1.3659991112370433,0.9975472009926591,-1.134146167180117,0.4357722762593767,-0.6260435879746045
1.5984451416797134,1.1704906480264554,0.25484684383493605,0.16619439793600013,0.9143340151053284,1.566886173235341
-1.2706167770038674,0.6200710826593233,0.8995479141685973,-0.5039753656495595,-0.8057141683447642,-0.878251565505616
1.1910945294182216,1.673383394798125,1.8456690041087283,-1.2952862224944577,0.626881690066257,-1.1002125273175716
1.0308838990862548,0.30547482880949084,0.6159100937256884,-0.42706660066557955,-1.1392639715651443,-0.9216175624888528
-0.31051697833198005,-1.16889980250632,1.1139301471416452,0.6086273221313565,-1.3979333984522813,-1.5035147204684445
1.5102235884735604,0.7419098349306525,1.5054663730649553,-0.9558683938265405,1.1832855660247965,-1.3118218619509152
0.08309102440663335,-0.19747824811492445,1.7104815704043768,0.5308692365506442,0.1823508577425642,0.17656317180011255
0.41549208393081316,-0.46629958796372367,0.2820503540016602,-0.04296447184786174,-0.7199576451229783,0.31946611721217355
-0.9059232415841386,0.5344135243797149,0.8481711988283231,0.04229906582290977,-0.5938298515357124,-0.3844566818291966
-1.5949361461862053,0.683796685761829,1.1419315911549055,1.055626081840431,1.5238834749215728,0.39352092081423384
0.478524115807663,-1.1341701225444067,1.6693312786033103,-0.3516416632636422,-0.5601903700877645,-1.224833409545293
-0.4070643286832736,-1.3324079942737852,0.4084424259212101,-0.3041393845417404,1.1744899995896347,-0.14439209896596525
0.023293432548714858,-0.24519035156539,1.2650267428158104,1.343976129464305,1.7286252508361402,-1.7942811905180562
-0.42486977118978125,-0.6141499809571213,0.52463482721735,-0.18123606217760463,1.4959997791983222,-1.3702828214221068
-0.6943403620186208,0.07496393360733004,-0.7045446209144469,1.3206222289152183,1.6507038280405981,-0.22125267313067984
0.7002799012159274,-0.940620255130274,-1.1556225777817177,1.7049366911404573,1.2750957216316283,1.233024277227036
1.5089189014508584,-0.7490414302304734,-1.316958465411984,0.5418610125589524,0.13803234660717323,0.35535788500997034
-1.2476460773723743,-0.5030478233547737,0.488187879420153,-0.5973274574643855,0.3739439787481189,1.8480088878574894
-1.6459361935527153,1.0648647301908127,-0.4068381391673591,-1.0777088929924008,-0.8040337930809947,-1.0208988109795016
-0.31515588439650816,1.0026412308602881,-1.0264163375888995,1.243862865306406,0.5860121607289345,-0.6713991457810724
-0.8202069130569617,-0.3839578599453974,0.21330787851461047,-0.40959917739375334,0.8548405723043373,-0.09554986044882259
-1.1130366101822848,-1.4162157804270659,-1.1554541150827047,-1.1630889775540925,-1.10654843074786,-0.27407407163421005
1.0963024882150674,1.3221859710981336,-0.7107967219104229,0.07166975004167656,0.9417132372131511,-0.9466871359472196
-1.1470936962580962,-0.6063493330035666,-1.0621829023335845,0.09392191401720355,-0.1301692399500999,0.5055563187656921
-1.4571003154096647,1.6419838223845509,0.4479378090724699,-1.1871504238738424,-0.018457955510767527,-0.19775810897658302
-0.4629257360099392,-0.41430718540935607,-0.6707656168485641,-0.5746130807572758,1.2777716114716928,0.7734249694360796
-1.6054262854732055,0.4304427125113795,-0.5267073016575958,-1.2882480146695217,-0.6077722098339687,-1.4872351839091993
-1.0211447835526681,-0.6364406250562928,1.3485137424626616,-1.1813805419588943,-1.2630396856808455,0.7471313115803749
-0.5288752546183575,0.2587261742860615,0.2984230712443258,0.13154842436561767,0.7638373066226833,0.8891344709140186
-0.45467244312333466,0.23905474134076118,-1.003408150029051,1.2763343830098153,-0.6238070495247962,1.307798499210949
-1.5641045302771273,-1.783644145159557,-0.6167015309297269,-1.0314590569725042,1.4713632162516028,-0.2456288928593277
1.4736144152593886,1.3617493436715062,-1.4356143267216177,-1.6279946228287128,-0.18598056781771458,0.7067907770985647
-1.6688583648771957,-0.9234891353799121,-1.7777834811919029,-0.5298386631393592,0.4249684123988835,-0.2754480599036836
-1.3591590510594014,0.1554874348962971,1.3318623747034792,1.3450493371747385,0.32564870799326257,-1.0796996621521988
-1.0819256495954002,-0.22262923249406755,-0.38474064248157536,-1.1006077419369946,-1.4908928327284625,0.622006638618484
1.3292016802014743,-0.06977340899272375,0.8063265468400341,-1.326145599267603,0.2615607775939207,0.274036695768527
-0.10832722626496946,-0.6139039075300612,-1.2192163489980319,1.085376467797169,1.25415501995601,1.137795652273468
-0.1809251023016802,-1.1321582479781147,-0.5011771574627416,1.6269421325805995,-0.787781545817331,-1.1214372059819595
-0.6421295484813881,1.276880509398957,1.6511765652580508,1.1172196451903476,-0.47022887538612734,0.7761481957035463
-1.1058720831213784,-0.8921498792821939,0.4760293299982968,1.3247577562795758,1.140364208856443,1.2233820493309975
-1.1793254401400057,1.324473967725946,0.13657110704153486,-0.6990796771102497,-0.7067540985070221,1.3355414065008444
0.8677488201818457,-0.7565443258900619,-1.2656320342696101,0.18101767196566862,-0.7555490811835053,-0.1468522252549681
0.9861314596172589,1.0695904524685667,1.3345428784381157,-0.928036270703536,-0.9598921727406852,0.7699915495079599
-0.22240049742224785,-0.6256866179196796,0.7345669273326947,1.6635483906832524,-1.2344776209378667,-0.5147823619599083
-1.7309925778772477,0.5438450859823818,0.759576777193426,0.893492625820353,-0.0016711595415149303,-0.512074694334887
-1.5778722371873666,0.15728202118640974,-1.482690433535316,1.523003443120641,1.3204084264890357,-0.3797339329911365
-1.7807384206154353,-0.9820670793360691,0.6197960414577576,-1.2168010949783605,0.4201691274159456,-0.5184089521702643
-1.044690760938804,1.4376285034826743,-0.17947136706926856,0.22161925553413583,-1.5751013504571747,-1.5997086651762298
-0.5021402731579961,-1.0528031416992116,-1.3297383903690625,0.744807228340073,-0.41826274314917394,-1.3326525407772194
-1.456664739114427,-1.7873048692736255,1.4298275034358072,1.549404260334307,0.926770373799106,-0.3484706540801312
1.6211678286595608,-1.1764112696441495,0.9951268813012218,0.7387895417345457,0.3688326571617768,1.3594275471476738
-0.4424039546893518,-0.6348441776507349,0.3618625601798628,-1.1884322350479892,-1.536409919427335,1.39087962729744
0.47443318657605793,1.6425434541305428,0.2966473169576874,0.48329792330394683,-0.6590895255975749,1.357298657861981
-1.6203776875464355,0.09477751584134297,-0.9976005985338845,0.974549662300168,-0.7418883965453534,-0.3392488088233249
0.48879164189303254,1.1835749929962271,0.9534976215938515,1.7493646169039225,-1.0528086488583337,-1.419829478367389
0.9538409231121497,-0.8888519586291682,-0.5687836980377139,-1.4889041708686277,1.534125839057688,-0.42356488935915565
0.17322541450642157,-1.5602580490398659,1.6023323677325703,1.6232751441413815,-0.504639734944634,-0.8202088033931488
-1.1381371025991767,-0.483719685014228,-0.030075540477430007,0.34201495880561666,0.4973156917580709,1.254041751597477
-1.1380846044868178,-1.6344122345286916,-0.12299103134782013,-0.1223493650686913,-0.8274377069553397,-0.372752739625401
0.32231259803824064,-0.08556712917980613,0.5482855628653591,0.5437278616706572,0.9772287214285585,-1.6063206469774751
1.2728198238439088,0.1362878653733963,-1.5266012467795418,1.6675887487730363,-0.7081784394034143,-1.262994360657096
-0.25766046881368204,-0.06292218997874875,0.11813076639858054,-0.3552877548267732,0.010063789144420179,-1.5570021325754617
-0.19145778347729447,-0.6954186042720946,-1.2714419559403718,0.7077955808456882,1.8295155327560186,1.443105692638928
-0.07253369470236756,-0.7790546042404051,-1.3318935350872345,-0.3340985672603202,-0.5993592900393369,0.41074590885665496
0.6059670105790811,0.622042494315248,-0.34593675027554993,-0.10056888336723929,0.957568089881392,-1.114799263720385
0.9567269851942067,0.8484063559920438,-1.554120963844106,-1.5748699967379662,1.613886062715033,0.9914292299995666
1.7308859067134792,0.1070661619596569,-0.15307580163767004,0.638158591237411,1.1223327121152142,0.015745702410692786
1.3784312318950427,1.3092227406472927,0.1983778976980183,0.4517067073681375,1.612865436228013,-1.0803983494884124
1.5457640128568682,1.5387797114190447,0.6747258589239465,-0.5207760984968505,-1.1678152376948912,1.6449060987096804
-1.4118348797525835,-0.9457412278505729,-0.546709405581888,0.9583663781222438,-0.9452739844455472,1.5502057006352459
-0.43324892940564996,1.5498706163031295,1.1782673057186015,0.30815866663194885,-0.6151414134830825,0.11438723268969272
-0.4742999601513616,-0.619463076424277,0.12531483155255904,1.5416112550649168,-0.8606798478628331,1.2935993882565735
1.1982530344481777,0.06720461885107488,-0.3529266297634608,0.38395450727821806,-0.06612147877263774,1.2473220639134668
0.3468660414854689,-0.4692887271442751,-1.0865946329634157,1.7584422757050802,1.3968950073116362,-0.9970532381296605
-1.4050308718159472,-0.1300816538986955,0.269786036992219,-0.6144420142369309,-0.24854907520061706,-0.5805560428495629
-1.1941978662036177,0.1723114865097543,-0.7276900386349933,-0.6791307724757686,-0.18299232848068805,0.20706413519281566
1.3574479628179474,1.1232765514540755,1.2542727801620914,0.7437901245421561,0.0471197501500348,0.15041769513324613
1.193798782687978,0.6297275982235895,0.026494320814505964,1.8445434875480398,-0.6302760418437031,0.6301849616180858
1.548774858090011,-0.5074642759132426,1.3268219824954801,-1.2409339842264284,1.1356231410013935,0.7232321756785987
1.4574693185757952,0.11504114897809313,0.9183175403099794,-0.994213355164381,-0.07451607211132821,1.2342342373606103
0.10767860538311791,0.9069273607659302,0.7169694724984929,-0.9629515622711831,1.113218643834511,-0.6357551234174087
-0.24468944044539706,0.6594688192689556,-0.2034071505493421,0.2839962944937849,-1.6486044756408074,0.1914209060074728
-1.2794807862716164,0.7232274924566359,1.6531571013692097,0.5398078035283627,1.340157908239061,-0.3471262174004773
-0.3140502375756948,0.8345857743539912,0.7115211172120252,-0.4336337880495406,1.3737001789520527,-0.4058707411754867
1.4113838138016688,0.7799179464407444,-0.9049910416135936,-0.6701020768436372,0.11709289958043718,1.3590708233043876
1.2188194646837975,-0.023405984516911376,1.4082209969699597,1.6773282281632242,-1.1630585908698914,-0.6294750804904153
1.4315168272261487,1.3697339102278794,-1.1138952943069889,-1.0961378263333124,-0.7098595734786791,1.5151067556482056
-0.05047432526342298,-1.3331290246867018,0.48654342011425233,1.1534356587549421,-1.1318975205041024,-0.05020162314728236
0.883196086702909,1.0750713085687253,-0.5567554490643093,-1.3177635125351186,0.6020127986017876,-0.5723993210905096
-0.8276753052876148,-1.0464517733553413,-1.1804137956598053,-1.5023494043220216,-1.1634471989006527,0.831258271780668
0.8471570666758698,-0.7678997610763406,0.4342792162463429,0.43365159615875615,1.7493929742173415,1.454077659219635
0.654930558974194,1.3825669275978887,-1.0566611537531854,0.8892221456631425,0.33249555731646496,1.0458633899565666
1.6245301932899028,-0.6179801468839579,0.9175515575637978,-0.5831121859394238,-1.1448066569582334,-0.34937806760331774
-0.4613800391005274,-0.4061422202565496,1.2733963498596677,-0.1839488829076861,-1.575409688709517,0.06619287215574658
-0.27861440147786615,0.824191359614333,0.9088839812198887,1.638089974809312,-0.42823969751179,0.25522004720892844
-0.09954128674726732,1.1870353317694187,1.1140348521654535,-0.4512186030662639,-0.3918777574920762,0.8216603697208654
0.0009939893059410796,1.0109827656466932,0.836579490411708,-0.5225209719899391,1.2728500442055521,0.687649688181407
0.19314863205157487,0.07786399418122096,-1.0726335993152536,-0.1968580330607959,-1.1498510959320776,-0.21731094151438818
0.9114390483869159,-1.3534054629911483,1.7611694237549351,0.9153130926322318,0.7526465317094642,0.38368299410506046
-1.1972368898063346,-0.8001420001851873,1.099760873503449,0.0038649671389817853,-1.185517421815004,-0.5876684851772186
-0.5455211648095962,-0.21718998042549922,-0.3181623657742126,0.25048306217661737,0.29744596893674263,-1.176389326879392
-0.17053375066877055,1.1718385281557775,0.44990353686192475,-0.30685000587268385,-0.36507901606928306,-1.5717289438075348
-1.3951686350670076,1.5359846873936758,0.11100270811154216,1.3992144198404053,0.627776126778172,0.9606377026372079
-1.2519713036304319,-1.4281712471319448,0.1587742773825371,-1.4531224207362876,0.9990161042602661,1.0726616944242677
0.5749290856637262,1.265536972816131,-0.6260939434245737,1.20430261927378,1.6378557337283102,0.2446546474872302
0.7112665006558807,1.008756640617853,-1.4042256981834582,0.8408919798526411,0.8175391889513582,0.9167248291963868
0.45254952584290054,1.861078240869185,0.5215101594488605,0.3586503519216231,0.7092529025640565,1.3981246443153608
0.7070687939386799,-0.6012661168085681,-0.1308565303594967,1.2689260541220595,-1.7090407687794853,0.718526001715773
-0.07867323752958698,0.26792926118192895,1.004293743561943,-0.22585021521684295,-0.877001005240174,0.8483468000469871
-1.2251552965419346,-0.8350057724876941,1.4110867789703303,-1.6142650070070155,-1.3436894818274123,-0.9730746450816719
-1.5246717204333717,0.8868487495788805,1.641498426160151,1.1450533361577182,-1.2655687047726332,1.3143578017993507
1.672914451248099,0.10046375826259564,-1.5571964986503541,-0.8868255759187026,-1.5913592027736378,0.8314847479039666
1.4501271852231377,-1.3044158827329457,0.8904142836424432,-1.4268545376310091,0.36140846322634923,-1.4271961232074204
1.6465395977624016,-1.6156556089656222,-1.0301039393302829,-1.1721948704848006,-0.863924753340058,-0.6950691160969655
-0.4816654604354862,0.3584018345123372,-1.2509395176652691,1.6884148609263776,0.9565437007132237,1.6242296797840845
-1.0226854297502321,-0.8217450168195297,-0.7812448138932117,-0.028421430566752552,-0.9309449833761263,-0.4424038161003821
-1.3425887807137495,1.6616719778575852,-1.3244373908802909,0.31471830317788463,1.7795514126546093,1.3699926066906216
-1.3851663432151877,0.2671916021641894,0.45606456638760295,-1.2415120003096727,0.5189367948180033,-1.4703875881698492
0.1313312243283172,1.6768997273137545,0.8539235897118016,-0.17260177511689326,0.2584514319503674,-1.2471402293939042
0.3336386280092703,0.6202798945824777,0.4252143739293015,1.1970199045162357,-1.3040597065695279,-0.6094695668649175
1.0241742924450963,-0.14258605620319612,-0.7191099025677264,-0.34995932335795515,-1.0700301627994917,-0.5974982933208162
-1.5078545207847323,-0.47478571170503003,1.64454956162998,0.9965533751671533,-1.6608649769346737,1.4773881950566148
0.08902337613055912,0.046908940047363186,-0.5937743709296994,0.05872896627937383,-0.6117150756095818,1.5193079315063727
1.0440621830398005,-0.5479818623878104,-0.7733161217025291,-1.0411013089571515,0.0252095792103159,1.0101398903694803
0.5891481103400997,-0.8307013109838746,-0.3035910242745166,0.727185468246397,-1.6041213655451838,0.26067119705310965
-1.2081635969324656,0.8111991993076162,-1.3780650933565144,-0.4315512320529149,0.6379981166848374,-1.7665508314506024
-0.3767226708903421,-0.8090984222345619,-1.064581865315388,-0.884751483841459,1.3702189682069414,-0.1825624396982664
-0.8041616946801253,-1.2071164039702094,1.423968855624825,-0.03563947697191385,-0.3344258059874522,-0.3127320639831524
-0.35963451757268616,1.4197496585058371,0.20526016663880634,-1.1806147064894577,-0.731479555676533,-1.5709865440573372
-0.4820532376465588,0.26429657667511475,-0.5564922575295945,-1.1434965102847707,0.4281726343103698,-0.7944259106012945
-0.6581765870455374,-1.0103904348128858,0.9102665362411809,-0.6608834187170523,-0.7355580157847408,0.5421676718701036
-0.27239442877262826,-1.424844346835363,-1.2032058130225938,-0.9097944886819952,0.7532417075306064,0.11374713889545748
-0.8546248371292585,0.22314343502284803,0.6520265987270983,1.6907909644571713,0.8870353877239683,0.020952594401218317
0.14252769216579086,1.4982255299107903,-0.710415104148125,1.1899080918619507,-0.13916986349922364,-0.16000296849056708
0.8207530407139507,0.5233267406429872,-1.4411455533586421,1.1535035899493369,-0.4015359148430253,0.07473722371557669
0.582288494179022,-0.9812265934968943,-1.0728660408738946,-0.13727823816823945,-0.6655642956298429,1.4011303275015903
-0.06413806116527151,1.4403170434425432,-0.9359732752072529,-1.62490196607663,-0.328206662306668,-1.8138474422778144
-1.525983741845087,1.4262135853086866,0.2541552565438303,-0.7116174099289636,-0.1352054159514078,0.361446923764767
-1.289501951585917,1.2452606876555905,-0.11016162998028312,-0.11602588666043415,0.28505320027469827,-0.5993408045847041
1.0901533979732008,-0.30383424489336114,-1.0041109791379297,-0.339285550484808,0.5374787799781149,-0.26172598483926274
0.9777239546107358,1.3309703107077242,1.656219920547705,0.3274777673880547,-1.147820166693167,0.06461857378767988
-1.60242226886562,-0.20464836525846,-1.66541270783968,-0.35096873750386104,-1.3581336205651162,-0.6619100477067374
0.14970352221365457,-1.541269475632818,-1.1770565538499953,-1.177915954472202,0.8679212036685469,-0.10356019482210316
1.2978611058085,-1.2682282722733056,1.5021919252483718,1.4917142460029582,-1.0714416852804165,-1.0099160978871362
-1.1422608438822552,-0.6084750620155173,-0.2268486555944209,-0.9029845663654222,-0.641913959703897,1.2969685624764948
-1.0992875304340999,-0.9623146807382387,-1.5125365008326055,1.762172094828388,-1.1959320769352797,0.5265507235239653
1.5739730674128454,1.4494040069674223,1.4867093092434391,0.2922911542097158,-0.5071961093105117,-0.1479715011718605
0.5226352977961161,0.04915020387090543,-0.01659324157327614,0.204056014167396,1.2926773359466757,-0.1679389863917888
-1.5139943032299545,-1.4860946062320983,-0.8932477091081844,0.02619213555499471,-0.45419631279543504,-0.339772831860614
0.7833799232886156,-0.5922269690239605,-0.867195835717839,-0.6486530091319744,1.1934951122494137,-1.1296593379928763
0.47977178599094733,-0.11586700008447857,0.7715094121380207,-1.3278267268169983,-0.5782522092785538,0.3857135745052528
1.234680422925136,0.003929006996113325,1.623621479605737,1.6517432031505492,0.10008493023066976,-1.3260111216477408
0.6111054204307081,-0.8770619482980986,0.4182989780163071,-0.13663802786870388,-0.5331319912293131,-0.10132190194705976
1.1597977273240514,-1.2762077791437654,-1.4436517585374526,-1.853341319140122,-1.1870417175805439,-1.6028050136256087
0.015366003409108424,1.1787093914283255,1.8100562932615756,-1.0749597752136717,0.21833576716140712,-0.24615533165666892
1.3729598574134216,-1.3451680072359793,-0.5192041711926131,0.9702037964574842,0.24725685677439443,-1.1178033797808187
1.0738309072857444,-1.412551067624944,-0.28275566650837924,-0.6493935392943265,-1.082515738113368,1.6289410207704658
0.39231319312980295,1.3857562210088843,-1.4407614313584383,-0.5684662869367043,0.20994403499888198,0.7456968241635165
-0.176184727577623,-0.333297067590004,-1.5881041759043428,-1.4367519231376238,-1.255223896162165,0.20747051357878224
-1.3109936405238267,1.251253210315358,1.1716030699826185,-1.6223894762784468,0.41366022225947674,1.1273415212765865
0.9493650862685735,0.6206616479386893,-1.5788039176241901,1.3304367161651418,0.2523287938857315,-1.7623578448007942
0.6200534542725643,1.749074260100079,-0.7349114649036866,0.3912176020156541,-1.3101011969423515,-0.9000726288722484
-0.6356840701910978,1.5760701458634434,0.7834677956441296,0.29263616221454275,1.4621339486362834,-1.1506810132643843
1.6717361639586483,0.33408154660951384,1.0145601616499342,0.5730761815945392,0.24812262163444426,0.13730337043085789
0.2953783145469898,0.433441297155154,0.14112644839069236,-0.7924599929865329,0.8959737931226607,-1.215624126129585
-0.544860447971288,-0.8432715242678114,0.40002459533501405,1.1088757287751707,-0.24394581053458048,-0.7704300445475833
0.5634767923061845,-0.22884196977705948,0.16275376045796855,1.3047410114830833,0.16106552337869928,1.184293338204079
0.08506215638149758,0.4133165442236428,0.8685898763502732,-1.1918903816319002,1.4153518620175627,-1.1893471306693715
-0.1721084683822115,0.7005296912242152,-1.3199105130843616,1.0090468615646677,-0.18358539083010333,-0.29500423939282366
-0.18519881910262093,-0.6109875485435571,-0.6133474497270016,-1.529119814833391,-0.5445664856854016,-0.011019616037584242
-0.8408912500413849,0.6994288698312005,-0.4203550021082208,-0.010620728800068705,1.0351377663580326,-0.016630491561795125
-0.7241935893436666,-1.1757866381266362,-1.4385331469652651,-1.0633265259013913,-1.429144369836324,0.5146056667545038
-0.08084671522721647,-0.7364658687605118,1.616051372334871,-1.1222593540799106,-1.3361001654730196,0.9818360918879102
-1.5329176570502474,0.6403296996293334,-1.5638408761324265,-1.584036855858054,1.463424248029566,0.7651152781459309
-0.7851535155639775,0.4133943595430587,1.0171311923151418,-0.7944349042723946,-0.4207876289253561,1.0200702388291834
1.263979980189273,-0.9700385960443048,0.49335098158498997,0.9652476211232178,-0.14080217327522573,0.8807117086360331
-0.6716498735801317,0.5806998546335572,-1.5038322507812012,0.3994874998579029,0.9979833536073167,1.1634772931546193
-0.14529284896230285,-0.8320234051671492,0.7647254726618501,-0.04098978220451647,0.4579780091644318,1.6572548228761634
-0.9671048067155431,0.02008295729559211,-0.7294531511142622,-1.3988492194202646,-0.059950583136154284,-0.20951652424374045
-0.09136287635046433,0.20650911751316992,0.9405866914194754,0.7618519081576077,1.381852103530229,-0.9679078037749993
-1.565425961573863,-0.9778093842520139,1.3692734134847206,-0.4436660718765249,0.5359797428986632,-1.2488951058081361
1.3501704382591613,-0.18527970761615348,0.46315350933765537,1.413112996520542,1.1418251955068304,0.35032731902572356
1.1989527148393273,1.6100270300191741,1.380717959332248,1.648685559372111,0.11348282381829092,0.52936816070308
-1.3939146934472337,-0.3082695989723606,-1.047851461893565,1.4766062584837392,-1.2216642358862222,1.58275574318745
0.4633784514511953,0.22989074430206582,1.814377901623914,0.4182733715791627,-0.1533170353764402,0.6494272219232092
-1.341215264241805,-1.5521676007425018,-1.5345580061289787,-0.40495272950977235,-1.403151758673834,0.22000078645304516
-1.6070846151312317,-0.08813338904244068,1.2193333944832292,0.13557321477548412,-0.9103036144912663,1.3175437968665507
0.3335450752588391,-0.9130880337391493,-1.0806091763329586,-0.621474151362557,0.6679253325842641,-1.421636066915069
1.4838900682003628,-0.8448593153641722,-0.18626100473228652,-0.07444149065667172,0.13271232000409358,0.5096483239891438
-0.39413032775157353,1.3134356588453067,-0.6637769496263888,0.8252515871359738,-0.3208888962398442,0.842603257221159
-0.3661429574776495,-0.1989015433748187,0.23550608108175125,-0.04067100298639517,0.5414513760873367,1.1015166822678986
1.1636221014282584,0.6076297010159128,0.5435476723561972,1.0955795815499472,1.4429687038671994,1.0582489315128596
0.12662844188770478,1.0963417249293235,-0.5676004557431681,-0.36173719339774046,1.6971789269380684,-0.3981704923085528
-1.6517362933794364,-1.6458525014483196,0.9939853143750462,1.294679337397592,0.6183121987911463,1.2371790691930578
-1.231526078766606,0.037541250024046346,-1.724404535439392,1.6093556698315072,0.4453525101518925,1.1686853428259742
0.9453702197146399,0.8125213979922433,-1.2672687297271432,-1.2171254116888333,-1.2694193695618317,-1.3252836902614835
0.007860414463853424,-0.0033139637832424276,-0.2171017484665963,-0.38558458921478794,1.0878562611050875,1.2417564882619228
0.28139623459555213,-1.5499450063553746,0.07413734006848816,-1.3706298672466777,-0.9329283282247102,1.3148843850848382
1.5283997159594136,-0.6791418760144852,-0.4874829561258516,-1.154592086260926,-0.32962527977730754,0.6647948992336317
-1.3952310397771726,0.3048541730652591,-0.6451754108760827,-0.046323747568834554,-0.40228939467657027,1.5183076427611115
1.566657355024489,1.5672292957512033,-1.371349901671169,-0.6604402690787073,-1.1605872346538932,0.42877361483392595
0.4878644453207429,-1.1059335479734382,0.051316026656733085,-1.7410171695719285,1.258371751522064,-1.2223519977811539
-1.477534172072665,-1.5138367887402078,-0.8287746157261425,-0.7928014205141921,1.1302440529234912,-0.9500532074236931
0.8469121250137318,1.0277966021447558,-0.11043005587653758,-1.2496859695610127,1.0531825285564074,-1.5073901228110056
-1.6413044709374256,-0.16308016030711808,-0.49491525193566743,1.1778107817991836,1.6522588740991104,-1.0607094370998285
1.2071957850154165,-0.790056498596767,0.8505686051790425,0.8356406308121154,0.2401170160887994,-1.1467478537933968
0.6792794659343727,0.9526108578439374,1.304174238516269,1.9406026684558584,1.461296338065864,1.7675345484864977
1.2849782987399694,-1.3216896860038667,0.4350700245199052,0.7688632275809576,0.5254370396027538,1.3263724738156941
0.46897536588937505,1.1444473465336218,1.0899965840176695,-1.2034092471203435,-0.8270684857985073,1.4108785403557542
-0.689512152657723,1.4830528147190334,0.9376519292371894,0.8545803884592227,-1.128638870517412,1.521079165801757
-1.43723360933054,0.055803602488697944,-0.6381275664442337,-1.3395102330817534,-1.4159711974820786,-0.5805371015871171
-0.04635144469822324,1.604036916077051,0.9560443464902568,0.6830022911694377,-0.6890365363304669,0.578943125747679
0.41386047391112846,1.3325636964549403,1.6093203308108113,0.07498211345333912,1.1724640446681267,0.2201512591101304
0.22588320824951974,-1.3419360984052129,0.15956238596205202,-0.38515515033675407,-1.2535919231257706,1.4991813326697652
-0.3058670185589811,-0.5895458152111652,0.7577692909653009,-1.0420331866106713,0.5259458887218286,-0.22268790960146523
-1.2362288883047814,0.45983636747811707,-1.1658542737661888,-0.6514996507878777,1.5431047401736144,1.6177069685298577
0.5839344144666049,-0.012151740829140823,0.4823286492665366,-0.6095796368351567,-1.1528897633697668,-0.6379355593271577
-1.3293475590130794,1.411267413446178,0.7742792753936043,0.03337883643286059,1.571665718120756,-0.219257430243062
1.401425749450541,0.6007789354148738,1.6733755221326263,1.5866427244438335,-0.46403703679309716,-0.004186882573180353
-1.3263769074890028,1.1018262983687594,-1.4288885708057768,0.5114523903655611,-1.649171821947457,0.051533472928192874
-0.8798359291173639,1.6114534968520706,1.274220498495776,0.778483986889953,-1.1109736949700004,-0.8568584594814341
1.2926189447731626,-1.1419114997765343,1.4210660579926417,1.1211516385526508,0.570481338821388,1.502719271273025
-1.0318960872720668,0.025619592178637577,1.3395819069039072,-1.82730952506013,1.1963426482495636,-1.0939447187318916
1.237513397828612,-1.0091522882563349,-1.0796818207900556,1.114577080739342,-0.7971688323317425,-0.9668681528116376
-1.4132393703637942,0.49070340048722055,1.1215167092824727,0.5007769275575146,0.5327170252232861,0.38638173171281553
0.17175369289633322,-1.3625632969074881,0.3990255881365099,1.4868832777728649,-0.24906870127689396,0.8307867619114397
0.2863169384041423,1.156637263691815,-0.3789117692490693,0.37598170264043346,-1.0204687497239995,-1.0174651789331923
-1.0605762296312362,-1.0878087223300588,0.4422858029096661,0.8463488392890358,1.2787685746790232,-0.4209564280371717
0.01109336690351358,-0.4970257118332439,-0.4888629283704379,1.3645056228745462,-1.2105903205829966,-1.1534159588345925
-1.077311440638568,-1.48710385277593,-1.254589902214313,1.5002215864889523,1.6917892373452075,-0.9351664081915843
-1.4490333491419243,-0.8190742024237925,-1.4880832611356474,1.5544558004093736,-0.19132405301289626,0.870986585187293
1.4498724142022732,1.800331020009924,-0.5369174856473312,1.2463559919270473,0.8325024118553263,0.3696904330755782
-1.784521216478001,0.050521161399309296,-1.550229935599433,-0.5267391101335464,0.2954245568130598,0.6564668201566716
-0.4430825744148346,0.7949391075436518,0.9620993171145243,0.7598155934003578,0.1339915383783663,1.175445833064514
-0.17939994825416278,-1.6964051688919979,-1.3724557537849817,1.1073561145742028,0.9027239097563959,-0.5426255799883892
0.3630768783735791,-0.6232526801524715,-0.21746793468204723,-1.3634090678204347,1.6437831016849074,-0.3853312685334269
0.3469179879457226,-0.4638649857818124,0.02868097092100288,-1.4403606352252993,-1.060546164011776,0.08325746343420604
-0.4185340697723417,1.1877228276367908,-0.07445480358429955,-0.20359102858394826,0.7177858282697005,1.503712585691937
1.7126021650021521,1.787011514372617,-1.2789846840451988,-0.08587441106705522,-1.254410992450007,-1.1659739098156132
0.10972911182567804,-0.787297175368133,0.2334433785003905,0.9691060537358653,1.0887997952832362,-1.4373878350280462
-0.4863250720606382,-1.0196779933381068,0.36684518003183814,-0.773834425274128,-0.1334856728344172,1.2326447245644416
-1.1379395528832823,1.584298542104809,-1.5005902079697515,1.4386957580146014,0.5839628782637182,-0.3647450385807646
1.4750014772327888,1.470831473870319,-1.2640427925841047,-1.4139583586181628,1.4716169206834433,-0.3462649586210913
-1.004382564667519,0.364060434935657,0.6700899860889012,0.8153421021942,-0.6197730668596984,1.042115490221811
1.5822625511132153,-1.1494084213879687,1.4585030900913964,1.6138952001417026,-0.5870921027955864,1.286320298931639
0.14542145392635705,0.5963829981443333,0.18435938532394536,-0.12424283528122124,0.3778617607776462,-1.488703251111351
-0.8319848914265828,-1.1785239712415891,-1.402801321486358,0.315462138859813,0.6860391962162254,-1.560860085657948
1.1454507050683873,-0.10214232001358965,-0.6757110100499734,1.5023411510740736,-0.1376320111254047,0.8639050866479451
1.1771757017994622,-0.27256085058883994,1.0035652337658993,1.3846073613315109,-1.2891296240060832,-1.2158407717236037
1.3546222218968784,1.1865655555728545,0.8710364634713745,0.019267979978230588,1.2008518773141668,0.06771930710855155
1.3322885649180352,-0.5309132184868021,-1.7401750197685513,-0.590333998616557,0.24752973471990997,-1.6310040643799304
-0.9295842338747876,-0.42148753386839466,-1.6898770877032745,1.1403590811908388,-1.4575309458019001,-1.6395136788211981
-1.5027838960060982,0.2382392292541655,-0.5794228731394452,1.6641602348512012,-0.12686432363945818,-1.168103264226625
0.7789930413072454,0.5224363906448539,-1.3057393084796869,1.7615815825955927,-0.023557228217373452,1.78092615949384
0.6247346873704089,1.6067162545111695,1.288618433265216,0.26277416066603354,1.5485819325794015,-0.09571267870076315
-1.3359871371282388,1.0934843910381369,-1.669358164212624,1.3216561642059583,-0.39521044104970704,-0.13702898145431247
0.05594298697273062,-1.5415183284110088,-0.9231582767255485,-0.15216399204423833,0.8399430341388666,-0.9708842953880744
1.6677543390409526,1.1406290242070505,-1.6418156299515974,-1.579546918782994,-1.2973327840337927,1.0195778264543074
0.8169387608398961,-0.8465213032376602,-1.2780901075508644,-1.2270887317028405,1.7328302198494434,-0.5401855880953801
1.0795304020646395,-1.343443720997101,-0.5720801373693298,-0.6804713535229777,-1.309366315832251,-0.579144072305128
-0.30044913730041123,-0.8393120859056381,1.4920380790147791,1.5922246830390436,0.906857646294006,-0.18505914282384003
0.8081788705824906,-0.6927298335638761,-0.3380477740723405,-1.42787361308209,1.3632109143351139,1.1960470667956506
-0.5753841275763693,-1.6646214048402626,1.2723608324825257,1.3386778618174957,0.4470101606477763,-0.3620122892962409
-0.5051403387835389,-1.6385956653637692,0.9829889982524224,0.7484494782059978,0.4090680840743744,0.1433432632489536
1.01394049715096,-0.2324337629173914,0.22191593424540534,-0.601175557050969,-0.13418789712507337,-1.0064054306859742
1.1842685336474885,1.1898454943722119,0.3756343026128261,1.3330127238730778,0.3949686855205482,0.4241434855970362
-1.433678174957698,0.28209905194889895,-1.4100387242931012,0.4161072504311842,1.3109516783637847,-0.5366857590825305
0.3493174676011619,-0.8083440985052854,-1.2801721122528484,0.7734767181947413,-0.1838018681218482,-1.7901646429952984
-0.16300183798915666,-0.9243957597211764,-0.04823922182622816,-1.1595977164329763,-1.5023476559240365,-1.0237347055640111
0.7749048767982112,0.3437377863587326,-1.0694983581144404,1.641094210845551,-1.0502296460959324,-0.5804440102586443
0.5385623049292825,1.4465678073220019,-1.4177986952730373,-0.8844868382377955,-1.140263154194232,-1.5302787392152988
0.17196233414127185,1.6889452297413319,-0.8805605137300994,0.9157846116525492,-1.3144056200951884,-0.8683939885950692
-1.3960730761316569,1.2409589261146046,-0.8253923743306121,-1.410165483356339,1.4335538290238645,0.9769813295367591
0.8432040095965184,1.3668186288634112,-0.7484320471326852,0.006240914212752805,0.009504064521175701,-1.2619736899461753
-1.4833026076770968,-1.4122701713493648,0.5445025875117389,-0.3946247852773692,0.22000525225652087,1.6076163851226257
-0.4845632922527,-1.0252785302482685,1.0530460144114613,-1.8113278114180746,-0.3443242635462113,1.2381554564315902
-0.7389854781238512,1.2087597252297368,-0.048871933448933216,-0.4688315746808945,-1.090998603269189,0.7497126126975938
-0.9535484183416483,-1.5394739937142266,1.2863412870503461,-1.0281388973702814,-0.6633949787296921,0.32674031453551283
-1.6543899105662654,1.0395613362295546,-0.6386151062914568,0.9348044578000445,-1.2571597698832364,1.1982724880111697
-1.475752705255445,-0.37823475810749124,0.37778252183304817,1.0229934587191807,-1.34639722453485,0.8840473455468896
0.4855125491791014,-0.45353041029102165,0.5728236469231828,0.38007865186717443,-0.6175633248850495,-1.6686105762735877
-0.9617576396151977,1.4996202173693927,-0.20783654488997402,0.4371370747200399,-0.8480045726138528,-0.7592529123173141
-1.0820270676014705,0.26584407758598544,-0.24430552933139454,-0.7820764474936515,0.9089492375780124,-0.010368690625597006
-0.8445813006190519,0.9467528690754119,1.2213887491359325,0.06008318380231699,0.15550597689721998,-1.314237883697511
0.7119195023871209,-1.266533539453954,-1.3931903137842003,1.4354292569081957,1.164206900061405,1.3563751252220568
0.21178149345288055,-1.628083034479989,-0.31149739757530537,-0.7388829883485812,-0.2516018419914994,-0.25360006490981574
0.24861475753149037,-0.741380180749559,-0.09969500072270046,0.2813336863779149,1.3173778048925462,-0.9840007862687438
-0.3298974978112029,-0.23759934846132882,-0.6585589969857694,0.4064449434913457,0.5668875003836567,0.40457462871203315
-0.29391677846341485,0.8360341533016916,0.8625453499375632,-0.029094925434275304,0.37433959453434085,-1.4392534975927074
0.8050094096207513,0.3370883441180901,0.8251143373074493,-1.543095267709629,1.2114973954324546,1.5619647039708306
0.617842598602462,-0.66659708544801,-1.0238681418131435,-0.361124412306698,-1.3843507883162878,1.1807662727219579
1.7444556002574938,1.4717895908859606,-0.7439440114160266,1.6691290036319442,-0.2517390867839548,-1.4034223661146652
1.0050545078548352,-1.6005724873027507,0.35702746008846703,1.6163125214778735,1.308784821533803,1.4609893445800641
-0.57541794104511,-0.9778367910668703,-1.3227328505549618,0.9124103761763397,-1.5444535603547196,-0.12543349740202975
1.0819305887865824,-0.6050232167632413,0.44001902054812714,0.5318800255266827,-0.9524428635206134,1.331531322963265
0.4805681401508218,-1.338426040678249,-1.45988304388919,-1.3256442140650149,-1.0284731998185654,-0.038282358185041145
0.39727143575515395,-0.4578278097933644,-1.7140837981904093,-0.28632060768650386,-0.7387683271463935,-1.5410197979720683
0.23731370760440113,1.246940035517596,1.2792251676547914,-0.9169617911004435,1.482814374999268,-1.465864532556705
-1.0871982378846705,-1.2793207061194378,-1.8210750253464771,-1.505205337375726,-1.8068032084036498,-1.4942990757961998
-1.0449898131641011,0.7856725648982448,-0.48835929154828966,0.05810766527671833,-0.31977655441556563,0.059361478055493924
0.1697342528647816,-1.8414966385490505,0.13720973182813953,0.31694569297599196,0.4174604395178263,0.1914512706043314
0.2838818787789718,-0.01645171734096032,0.7125110973740668,-0.44724668341078694,0.5031306741331337,0.6055640761722648
-1.30554843352155,0.801316620778683,0.570155684757278,-1.46130978500605,1.5139903849403982,-0.03429561377981598
1.5789905555185433,-1.0155489319985953,-0.19131993248553944,-1.0652150087317196,-1.0332873674232046,-0.6169254913067803
-0.2009041635048419,1.1232506578581922,1.4256353849650336,0.1338223046627423,1.3490574040359942,1.3482229204654463
-1.6182853862299391,-0.6943719247030428,-0.49593621502606766,-0.3203656955266818,1.0218630393347874,-0.785969844684389
-0.8905854253405799,0.779490539453228,1.447586486206176,1.6014996727589108,0.3194809160906115,-1.800551241448167
-0.3390654178331884,-0.5407839344329048,-0.07629494071330298,0.9981610693422684,-1.2420100131709706,0.8700030814862146
1.7008332493943807,0.6897355173971746,-0.5711590342116563,1.077727838267717,1.5089256506186999,0.8331694545381695
-0.4562518464511598,-0.8420674370937226,0.5829023270887854,-0.26396425092292264,-1.0740370041403713,1.4334153188732044
0.7655595163601949,1.5927569764548444,0.1260223130915191,1.2533491583876515,-1.1465191611484897,1.0114373034407114
-1.5773331515744728,0.2156954747754176,-0.6190466657277309,-1.3588178502759753,0.7131036368884366,1.1134728425326426
-0.6471692760060309,-0.536259715650032,-0.79384871819685,1.1517289945295854,0.26115450247536975,-0.034726845735247376
-1.6999923670836523,-1.310189923663219,0.05161825072972696,0.500494584346975,-0.8094385104844123,-0.3931685138866762
-0.044083867053745326,1.4139346359942477,-0.5149681518374117,-0.23419949256832526,-0.2920788706511953,-0.8504460735755818
1.2815631902753208,1.1937393679166766,-1.0005470993547945,-0.9887545022831122,1.4735862185627866,0.932946560158111
-1.2392629949895835,-0.0807481651123967,-1.2952676273858887,1.1268034519664845,1.2231107074674241,1.3577091102053185
-1.2538939236322848,1.5843355026998334,-0.7942244729223025,-1.3138154630821135,1.6935703406413687,-0.057841608880447995
0.8849133705738002,0.38952808366287806,0.8810704134222026,0.6053113303347978,1.6786355007533,0.09983859219665145
1.3122709620016835,0.27392980920105336,0.27068597457692556,-0.46295566353761525,-1.248499700966796,0.7595029413475367
-1.550031228757721,1.6080484944898248,-1.2273769684696212,-1.0592234376852416,-0.9291247749648808,1.558309423684771
-0.15192198497852535,-0.05409989179182849,-1.452379947532534,1.7340440802671706,1.634241434881574,-0.0628861029424616
1.1605153505078671,-1.3493773189667386,0.7232222045407742,-1.3174419571714024,-0.07238309872555988,-1.1012584624090478
-1.5542672900208683,-1.0140106888834604,0.9546678826839373,-0.5548916756040514,0.4399504266791215,-0.31174268168484104
1.2710739123862262,-0.2477317424998115,-0.8795315340861526,-0.6000919898214887,1.5514857834880675,0.8317057660438536
-0.9600486351949614,-0.8475275990510927,0.1879244717365261,-1.5830833002386935,-0.7255150247395294,-0.6760510136673361
0.8815832265095614,0.2831125065364463,1.1768040721771755,-0.8639935552464707,-0.6598831946176095,1.3824461090416464
-0.19078717913237114,0.02454076371951517,-0.830032663583509,-0.19553665322950556,0.6693763699311754,-1.325733033343574
0.33371892952876425,-0.8740364055329146,-1.545691256532945,-1.1633089006322985,-1.3768941305791806,0.7309346430199641
1.2183662219676776,0.07136430315660325,1.6345755247796294,-1.5109232067001688,1.0901710402841718,-1.1622052740326552
0.6535014567488727,0.5325259597483315,1.1771577527630677,-1.1818720231224524,0.9461109650381301,-1.1821610724630873
-0.7491601230190016,1.229825461731779,1.4924576212187648,-1.2482467144955938,1.3293729194663482,-0.47967029721416493
1.1104656098878496,0.41000352879179724,-1.2412307857731872,-1.5140251887713028,1.6842284720416971,-0.11462595686141462
0.8606590866885128,0.35051761028843265,-0.8421012100872742,-0.7414867045972066,-1.28558319074334,-1.052417586157925
0.10475733606983564,0.4021895763780866,-1.2817780375902637,-0.8616158585335087,0.561860317377347,-0.7282896220089465
-1.1546080400358314,-1.4292431548767357,-0.029877048876412612,1.454215923992008,-0.8371786711913302,0.8845038119583599
-0.7223446684545527,1.5037704185823637,-1.1371329200181997,-0.7528653668357674,0.40723750243762746,-1.1574188161632144
0.3498289899125743,1.8641717238457602,0.5697554349489756,-0.09307060972674734,-0.9950513657264889,0.9046465020189559
0.16940301686127304,-0.9752460363982364,-1.216840826021317,-0.4335633559845911,0.6769022374580439,-0.2741509810438037
0.7100833585297709,0.6171505391300671,-1.6069870856156856,-0.847243166709035,-0.022664922070860686,-0.6653798816764234
1.25001679864659,-1.4696874788299594,1.116377441938688,-0.3707712185063304,0.91502374510366,0.07595847798519097
-1.5182855900684473,-1.1824025752666587,-1.3121900433469917,0.45054520517238916,-0.08950908231099247,-0.82797288475243
1.0613239495846396,0.335838534859971,0.37784018725867363,-0.8290247006168524,-1.562094331952319,0.28677102374690255
0.4987118439748725,1.1939344474844165,0.18360349902031742,0.3879422776614096,-0.8014664428954402,-1.516724012135883
0.47478934624192043,-1.1436784846801422,-1.2269121595176053,1.442524497641519,1.5858098400188136,0.4386319870317357
-1.390977372417342,1.4055726976172156,0.9972661431604439,-1.746481276379089,-0.838583572011532,-0.6732167302932734
-1.2099930764292792,-0.8189709672342373,-1.6163512495932801,0.6949700718847186,0.5857430486485619,1.326412704391982
0.44073981318847916,1.2674760785090065,1.0638867608700555,-0.5299850729339667,-1.2138086123973826,-1.3057057564415608
-1.1737458362300341,-1.675840644484527,0.13396684616936616,1.5716146067792338,-0.7239743729619333,-1.7432010756305374
0.4586783979818617,1.1115747975790502,1.0819531898254433,-1.5133680422793807,0.5970065909676798,1.6223608420028608
-0.6594673452896027,0.9662488055668603,-0.7728821565698283,-1.59867097051888,-0.6092159329851795,1.1034114218043882
0.5663048206853653,1.529364697317849,-0.6166488617138093,-1.1411130547071366,1.4786762600441585,-1.471587701703515
-1.2219648828317278,-1.055493372123085,-1.4412434304408477,-0.9529266181242119,0.17953072162634334,1.511558229231242
0.38092328252628027,-1.0947597381446048,-0.03515357119149386,1.2364884662964997,0.6621720236343304,0.2512818102167581
-1.554812101336888,-1.3237950829653238,-1.5038240369481082,-1.549258250976974,-1.1844090827662452,1.1195073892134833
-0.7882954532952609,0.23153596537440901,-1.236064465222035,-1.2854073689343715,1.8102272093628902,1.449563573310782
-1.2352426912104917,-0.39185600411986116,-1.1428992789115962,1.0168047093499808,-1.0725893901211192,-0.8773412900659149
-1.2998332179715248,-1.785106279177443,-0.2436511884986198,-1.8070514023477413,-1.143757175081086,0.6752057346864005
1.4883314646858845,0.902646850195596,-1.5779459405152212,-0.399350898924173,0.7638514710117082,-1.084536147773584
-1.5697403307777913,-1.1414003547341778,-0.9614362332427794,-1.1931534924619918,1.1422409482932663,1.3484307855761668
0.035517942088361926,-0.5195770283681339,-1.5820319141428258,0.5329804368570963,0.7044830192122856,-1.8147212077804906
0.4899436430958046,0.26562452469731446,1.1372877616201407,0.7953262574137822,-1.1451523942222916,-1.4016686660795636
-1.5403163505218187,-0.9554339011612915,1.2068731243639965,-0.0075302370583775315,0.6866340586175672,-1.1001707825707847
0.03927315409303265,-1.098844878869003,0.3365071038743548,1.4497879344270908,0.5723902193006895,-1.2044518375024604
1.744404021254106,-0.9698586380178984,0.1111371587389206,0.12584830587139256,-0.08767722117635651,-0.4015296640277021
-1.4543604756615596,-1.4553149718368268,0.00975296189971991,-1.2844032130923426,0.29443416583343945,-0.17973131626157696
0.20220028841751378,-0.7142126759395228,0.4212126383205685,-0.6810417495669339,-1.5064108553397664,-1.480207396072302
-1.4210074222738327,-0.2620694741792634,-1.5255264961718982,-1.5387416289985634,-0.30618207547576365,0.6507887578002454
1.0837465004650775,1.7665157181426892,0.5253984157274716,-0.113261044272593,0.4794045214826927,0.839087048312051
0.8489361268366146,-0.010149547552677121,-1.0639562533110793,1.5946884655026143,0.2994436745512146,0.28203849232660916
-1.4032667893826083,0.5436527342655048,-1.4223784709346257,0.027970413655439397,0.5701532623261432,-0.21328218784151481
1.097905380881638,-1.2716400837497501,-1.2498550919458642,-0.479476950108139,1.3929547000586735,-0.11961875432667537
0.3984964087849372,1.0851824372750745,-1.3438486007195716,-0.11425297004808387,-1.032718717626425,0.5899349579376061
1.3288274756489367,0.924644762540179,0.9363401458647727,1.2199334332767284,0.26746462427042755,0.9149727494890475
0.8025356011275061,-1.034831602878092,0.7730268013989049,0.8493940725800788,-0.5654455959144,1.6907707005125623
0.9135614615047224,-1.0701700268189203,0.3404610491209598,1.6282060877987252,-1.3143050605067192,1.1837486126020567
0.2775716395642942,-1.6369145722030076,-0.18066051331464822,0.742535306129952,1.0303559529642228,-1.572232979493927
-0.9490632125468359,0.6997000287085134,-0.898730254113103,1.1693533574384123,0.48941279825942235,0.24305855731343418
-0.25769526117656755,-1.7159917047541486,-0.591516317717826,0.5161488869344923,-1.563619712030656,-0.7286106743928173
-0.3469932457847082,1.4286075789234087,1.4104370244091737,0.28157534069661533,0.32320749919247754,-1.3359922284193668
-0.11276994826175411,-1.361858106793748,-1.8234569617175247,-1.3393054465897305,0.624307488833458,0.23482540828403672
-0.3612446491551891,1.4351318190756677,-0.059495558645876474,-1.1235058948369325,-0.08512276202688807,1.3975186179636163
-0.053193400410004185,0.5752922736350176,0.6561099815320395,-1.0878502285538625,-1.4402301934914046,1.123758959562169
-0.19929372050382457,-1.347582232881971,0.5192347816220605,-1.7005229513197144,-0.9743621537377016,-0.8540386936626353
0.9626443341372222,-1.546285307685876,-0.22367294514170816,0.6840141292332222,-0.25198154288119506,-0.600101191598772
0.972078098445393,-0.09715045703252348,0.8196067690622524,0.7779440763891123,0.6390954810810714,-1.404211848887386
-0.41007739957527584,1.2713696309518658,0.6028297681641429,-0.8281702992631067,0.06969257842364049,0.7245495195449863
-1.0577863110302612,-0.4849706280371817,-0.7369082802722438,0.3702218256911507,1.7993166507453646,0.517358469223492
-1.5360367745474797,0.359710570211257,0.9973946782842065,-0.5621576369861487,-1.6259071288828957,0.38968477740751817
1.3977463799303156,-1.2709675760858343,1.4961063982015983,-0.557673769649911,-0.6723501821134402,-1.6481942072351552
0.3878601057415215,-1.776559215347701,1.4451047266629433,0.5895077791854277,-0.3179426070869876,1.561756416064122
-0.3731422267110181,0.6634550981746703,0.21612275846608958,1.1346520067152641,-0.026229767166511132,0.5921538870217561
-0.7418050973774268,0.10155161132003626,-1.2241776931669732,1.7778511641927188,0.21448547950832567,1.1877476265391176
-0.9742701326439978,-1.1878270278626537,0.4984765939391327,-1.6328141837000056,-0.9690887323424788,-0.1915348316971148
-0.8790696736867576,0.5374196515071243,-1.48472897034495,-1.159978390550236,-0.01999437813997142,-1.75676565738814
0.3463702889010509,0.4715512965091996,-1.0639722156132718,-0.7584588737490112,-0.08054876132778765,-0.7995671733659675
1.284957550049791,-1.1477523662369833,1.2389221490082456,-0.3398624729307058,1.0967941475395313,-0.0813736943097997
1.2740121899229437,1.2672576258384851,-0.9517279348337472,-1.2026313770771313,0.1387641955107252,0.8112909942096546
-1.0068654131657426,-0.3459108479376962,0.4054022538922985,0.32381956490183095,0.10454337558274467,0.812328036398099
1.452294614235544,0.10149348953179504,1.597377871514976,-1.2073630637721857,1.0338906434403847,-0.032989875174952256
-1.4249300034469066,0.4754646053101879,0.179819265233801,1.7226737774694463,-1.2707018067233071,1.20370897697844
0.610041249499442,-0.03435442238863933,1.251446899247583,0.9955887367245492,-0.881769743176196,-0.14134931317293034
1.2524821614504136,1.1104161808862398,-1.0656936815249693,0.35254636297810266,-0.5026134433937866,-1.8127347257793565
-0.9985589725074334,-1.618604856468734,-1.392768496941524,-0.6699203361690933,-1.5144172493082506,-1.654245760354233
-0.07150169136259434,-0.5236343117673936,-1.4333993416164115,0.5995975740178354,1.6735340786009454,-0.9043569104997576
0.30717933475588993,-1.6606038769058096,-0.5168973843862089,-1.6348117390161934,0.2507350409537775,-0.1877955281816692
1.3097858945681362,1.6046214864109056,0.0654581410116919,0.3990846004148099,-0.706389293543384,0.940153388697484
0.5321041375656506,1.1105521498784685,1.0984499756258166,0.5925832661194114,0.577091769697446,0.8168420772294366
0.8993339402284891,-1.3008544479841482,-1.4350579455160322,0.4007526295740826,-1.2788227788980737,-0.11433238372750465
-1.636363752037331,-1.3830195006846746,-0.20759552085998415,0.5557180030484323,1.469922613603773,-0.5916554778013486
-1.2890398943838386,0.9168519765110955,-0.2397805830490224,-1.2159770448013596,-1.1121010042002524,0.8210368660629573
0.9142790792184119,0.9053290929314424,0.05760513679523928,-0.5439197014149143,-0.5889324434017034,-1.0646878393559678
-0.5251099475303622,-1.5265390371216403,1.588015582200677,0.6389938272110945,-0.5200470157245622,1.6561787645309825
1.433960378386667,0.1752598517180945,0.50966656834022,-0.7319412347081475,0.7719282047152288,0.5205798212890556
-0.7854327440592173,-0.772892117327551,1.7364576403986085,-0.10798027663554495,1.4662163436370081,0.2465745375382893
-1.5125035335181822,1.1997491213228304,0.8283630700774545,0.9750087534656134,-0.6321312975732815,-0.706696443531689
0.8666237444127702,0.8460213972513807,0.600520355728347,1.5239796358659967,-0.6456130964091983,-0.014739748657211484
0.011670968912521089,-0.6122816571123467,0.40032971507039217,1.1605010307257517,-1.3283149194147832,-0.39944226583402387
-1.088234406334178,-1.2939427608392842,-0.7565110783106432,0.6437087500326413,0.8576456177668598,1.3564548503232108
-1.6866945014553674,1.1621361946689586,1.4079909879136563,0.43159107394102547,-1.615800090457663,-1.464229778695898
0.6057892627474364,-1.4760051131746423,0.09499080581787965,1.5390151221952388,-0.6993842687288634,-1.0121326375113007
-1.169014092264441,-1.6527025637635224,1.5742778279179765,-0.9770245973039221,-0.7833308880163796,0.14315666785756573
-1.667467108145479,-0.35424383518370717,-1.5909279113154255,-0.0176048232996734,-1.5545605763204164,-1.064806250826022
-0.01747814896393199,-0.05766172157824418,-0.10825365976500947,0.02098732712364627,-0.12173160015481325,0.48952446423595763
1.6465171721154201,-0.6844704198716544,-1.612718639161568,-0.8998655145171575,-0.8174783007659547,-0.7220418456635119
0.5615433813433395,0.5593347199522904,0.39666620539919,-1.0899462441229284,-0.8115443312351058,-0.7304932958118544
-0.7377281168083897,0.92949684725269,0.836701823083576,-0.9401565037945896,-0.4618185277267276,-0.3349715616299403
-1.0333784828594563,-1.7161118363614445,-1.249667793950667,0.9684689291202507,0.3484002048839061,-1.4073456505829163
-0.08742858071186331,-0.6604852429632996,0.7442071446110655,0.3717973280705103,0.9940562320224036,1.04614961893925
-0.5880352599995169,1.3257650816687319,-1.0041013790106474,-0.6837131905006874,-1.0299324058885175,-1.595818159129785
1.01724230710621,0.4152064664967638,1.5649818955106154,0.6417225679752971,-0.7241844902703052,-0.5431746275967083
-1.5699535554215833,0.5305593934210416,-0.0339392331299962,-0.8815021401204749,1.29046569384161,0.3505838889657051
-0.4601818421071247,-0.5062040492613609,-1.2019732273401886,1.7889729099181766,-1.0286409509372045,0.9241073647132557
-1.584151226552338,0.4747402113007583,1.2291068998807702,-1.1430865346627397,1.5650677937155695,0.15885643148150758
1.2740972788868081,0.006167384872583788,1.2735589719722762,-0.37380170324422424,-1.241912660321023,-1.5260912017945627
1.178484762269808,-0.5636318976291689,-0.7602684288122289,-1.6398874850020608,0.4041090721691901,0.43870775880251384
0.7684370767035862,0.4727285136802827,-0.3669784798007096,0.22382993998410097,-1.388346434296735,0.7471005741337032
0.8066878904783613,-1.5097478949688357,-1.17765179149096,-0.6333034597173524,1.3031672860457268,-0.6276827252507854
-1.3005755774529195,1.3464921498984852,-0.9830536598632205,1.496141527443008,-1.2068085142082197,0.532043461462245
1.0848807579737443,-1.0244341977403386,-0.8079345358487134,-0.023754275925457286,1.3364655646225585,1.3571707125846655
-0.11102442755368117,-0.8987740133676488,-0.15414682967805024,-1.050165094655264,0.29901163639934947,0.03295063968066866
-0.14347192062289113,0.6879293465132236,1.3036133435286765,-1.4463496056046676,0.29187162175586523,-0.4018968837768589
-1.5048835571917503,0.9301220195557489,-0.6874092674321463,-1.111615526602183,0.5920459581008826,0.9181256882281188
1.6073768229721228,1.5897533412531077,0.1544458469647148,0.31810523221714904,1.1702869891866738,-1.0401885368295438
0.7936068003535556,0.8028602027634154,-0.933810932258032,1.5792513704412292,-0.40113162207959857,-1.42109587830766
-0.4585715201295006,-0.5389519830584655,0.17676051704714887,-1.5546344348710364,0.843287996084137,0.839505549842152
-1.380635002097489,-1.1124404258849465,1.4698515538712078,1.5999228197878987,-1.414076718483996,1.2018951492434122
1.5935823751395273,-0.05806921645161935,0.8716583536569154,1.8398141434033668,1.7001611927027573,0.6942623566774925
-1.099607431071961,-0.18628127782810816,1.0092511776390112,-0.7329199429406945,-0.6556950510415558,-0.7763587428063634
-1.0883274616518586,0.48378989284521706,-0.935947300776588,0.5747394219848571,0.34613923752460396,-0.49527635130508735
1.6039274199703768,-1.2852306727867218,-0.7344526780831557,-1.432564779170543,-0.509263034892197,0.8493356498066773
1.4012939300331229,-0.9472878942210964,-0.10343570115367519,-1.0535783114687518,1.2337377377861602,1.6903014927354432
-0.8429558193823422,-0.3223858689994141,1.443347593794192,-1.6792455371510737,0.6543371862201182,-1.5990730740360914
0.23259570665016405,-1.6673373061445125,1.098818840857665,-0.7554568377904696,-0.17588453231185383,-1.3865809010095331
-1.6401544885859882,-0.6618525635513766,1.5369345231343763,1.4170169249935376,-0.14499775437308865,0.45429944953782475
0.7595351421072366,-1.2454733204057806,0.6641927756970403,1.5912577803348131,1.4689961913625158,0.04213475162159391
-1.120142272333645,1.5112768680138913,-0.6449002975224286,0.3134727098508784,0.29351759507066977,0.8983515449522855
1.0530237290106381,-0.4857027025935255,1.0571375516774257,0.46290748338861154,1.6347565649201785,0.8000650750431519
1.575594663315059,-0.25925509315925,-0.9507006272692554,0.6976844775806355,0.8243383103754288,-1.0995376798407748
-1.3201953393645969,1.5518921351699417,-0.5125122410308838,1.5287207108707694,-1.231566559422753,0.9430406096859318
-1.492632206909599,0.12474213015035913,1.3490018795240142,-0.325140477787256,-1.492973556781897,0.3143058228280371
0.3450054207501328,-1.1997384539924671,1.1573297898644868,0.3100430924031794,-0.7127665304715053,-1.5735047640909272
0.7145380141657863,-1.5641784422392988,-1.5693594990310968,-0.3762660654271469,-1.5623315391534003,0.20089552232451474
0.05277861984638561,0.3091704474128737,0.6554977839905326,-0.8331964992402551,-0.8897884538981098,1.0907502337876753
-0.6253616843422066,-0.0022148096987013883,-0.6942523587536539,-0.733009392117854,-1.3242299927235208,-0.11484707543916807
-1.3248567768115018,1.6847382859358722,-1.576065651385355,0.1188278502950061,1.3021045212789242,0.6099943307775342
1.2492695746629912,1.7290865147259022,-1.5626304039664984,0.8658052948022876,0.8153871272036851,-1.0769660390697202
0.9507708885680425,-0.5945105832614062,-0.7402089093536671,-0.12220280628332551,-0.26793358951971913,1.0599621026229626
0.6040079400787804,0.42747261556458277,-0.6953513324984918,-0.8159462947024513,-0.35996649158083743,-1.2758975169252327
-0.3892536771762278,-1.3698659033446707,1.4010718839517073,-0.17367748814066683,1.5014493447605999,1.1287409030123614
-0.3247920237586921,-0.7163923338088036,0.06432715431669203,-0.057785581146392546,-1.4711759368577624,-1.2907346848111245
1.3534186311523324,-0.5489064480119861,0.4537771818552506,1.0669781376073644,0.14843668205488147,-1.5705445599755767
-1.3405421249356224,-0.8980292995135555,0.8334528992705595,-0.9321236818794325,-0.8265090508143917,1.2810605805877555
-0.8725719771678162,0.6841316974264678,0.678788265881165,1.5889140430431115,1.6272102387534373,0.04440565775703205
1.0641717421478643,0.7895178022977885,1.2334679115933433,-0.24870145375277822,-1.4877813400999647,0.04045369310335183
-1.0168049533623678,-0.6568351312089785,-0.5602696366138878,0.2065129034059491,0.306250998493524,0.3172872063101433
0.43972280814468834,1.4628935412394601,0.8097208934277633,-0.904881370317337,1.280853679604496,-1.8103056686146755
0.9078282506509561,0.2146547707562358,0.8279164631835286,-0.3353725893408164,-1.4120057331362825,1.4251259080587102
1.0981083102518405,-0.3930396918679662,1.35846562179424,0.6595995432779543,1.7804969260422474,0.314119376813753
-0.8267947359221194,0.2957073361933624,-0.9926656120691508,-0.27298137772508946,-0.869616942172042,1.1908795285047933
-1.1301160266522894,-0.7728984444777638,-1.2562151725837432,0.8673484941064735,-0.9597589063889986,-0.405308381740417
0.749631745892425,-1.5201279542812005,-0.7726051339061426,0.8468926925158113,-0.16231604706985592,-1.1841899012406292
-0.5646050190497592,0.8833124443538742,-1.518422503822611,0.4002006117658332,0.18588184488309664,-0.2629642701784748
-0.3639814568515647,-0.8435835506369183,-1.1251316074875648,1.5784297333760695,-0.27581596023591126,0.7812353727214268
0.9909253146414476,-0.2085521452123551,0.8581667374209138,0.3831031071428482,0.6245796926876945,-0.7978828252630017
1.6335087908012118,-0.5242407469480067,0.8772201785450011,0.16175643388368832,-1.5157829170293267,1.5650668024244767
-0.04783868758274874,-1.1955765822207733,-0.81259578644151,-0.07471753524139978,1.1941718912764878,0.5101448067066923
1.1816951034506449,-0.9360813762210957,0.7719256408764492,-0.27883165207276955,0.5143901337428328,-0.7759086413491547
1.039705180680144,0.7983504432606923,1.0441352180843602,1.2753376014551259,-1.262315843024553,-1.6785762805594968
-1.6550624309604787,1.0775081529952668,0.0669627616229137,1.1912318013495755,-0.6765598218236585,-0.9013765457373065
-0.7878350256243177,0.26161882788101054,-0.22096651562037314,0.8891710543513918,-1.251518780429083,-0.3013699859722386
1.6319029510135,1.034953015324945,-0.6329741686760382,1.0178972771764048,1.0058623954900732,-0.2563798543628522
0.38885574752562846,-0.6290894630890026,-1.7017625566084171,1.245005610877291,0.03648620869452166,-1.761796035069688
-0.5962524904472021,-0.902630354365733,0.6678454044825946,0.17050340285848323,-1.5519864865255228,-0.32839788624704963
0.9366407262280033,-0.08016034922283966,-0.6198375881364455,-1.5133240969395185,1.691971095831261,0.3315305280616141
0.20759658441971218,0.9405386342574056,0.37519019347315286,0.2604774482068102,1.3269699736472786,1.5148729202851174
-1.62146895076535,1.3036919893266325,-1.3123923171362613,-0.30040431442291887,-1.3462562988083002,1.1613294430297487
1.338659052413756,0.6665037857457848,0.35179722655535656,1.0657284434485548,0.8116825154450426,-1.1287624159979828
-1.1780267404926166,-0.47560238463023385,1.4506356846140833,0.251565216911317,1.271124857581683,1.2205226050151317
-1.7296835211112285,-0.1530033211674416,-1.3365483292533595,-1.684638013083714,-1.0548232366392474,-0.21707651779683423
-0.2257421670940528,-0.7193395457941668,-1.1076869680408115,1.713970056511287,-0.13895722852400103,-0.8472590965696408
-1.067707428994641,0.3872460700759071,-1.7841850184924437,1.046711149381019,1.5755895319584812,0.5469161357794005
1.3797013841766204,-1.5601090436813214,-0.7840719264124273,-0.7692955564594768,-1.2424874578872525,1.5592232463052826
0.6656085109994332,0.7477753234715998,-1.5437496152276926,-1.22056317025978,-0.26473753978605924,0.48073235563221106
1.3862157930000392,-0.2784534284630293,0.2857819986735042,-0.7930053629325778,-1.351163910327891,1.0145363310653106
0.60811701722417,1.6411401493723887,-0.7085434624692141,-0.35836622731294865,-1.1065101365778736,0.901911759520034
-1.0164111988136284,-1.28165280081055,1.4552114429134066,-1.2075693856164762,0.7833703169700155,1.167116041556949
-0.25889902053345976,-0.43782835798313763,0.11212651249989551,-0.22950839847644106,-0.4954446714505083,0.22952534302104735
-0.6230703523937393,0.6097227810315607,0.05269245716982645,-0.9512121129683325,0.5293257897298607,-1.548838930402539
-0.24066860933115403,1.2983165944765955,1.1421113259513616,-1.3375888931332014,1.2089846293590953,0.6613620447509614
1.7343017601636896,0.10748005460297606,1.7072913574288353,-0.0867154757254988,-1.4078465679887577,1.047383166278397
1.097446448197533,-1.094707730986182,0.6816786682650596,0.9118360572429217,-0.7215041331619615,-0.38851915687035504
-0.23667273568271874,-0.874608343437514,-0.3497297996689542,0.8000687228077494,-0.9048149521669097,-0.6586542352334108
0.9326127952168932,0.2128948552243475,1.3250139781544557,-0.43158119885196333,-0.5818430911753488,-0.6963921034663985
0.2927396170210186,-0.3494475791638823,1.429742230464225,-0.5695329005759928,0.24849897869710338,-0.06336335628900115
1.5949112728883381,-1.4098893853941674,-0.975944986144872,1.8744770196533553,-0.7059985822027444,1.7039653100969958
-0.8020471728736573,-1.0679709775334199,1.5341741144461825,-0.21840321935828289,-0.31579995240802805,0.08118842738413752
0.3745526627475626,-0.44103266208010455,-1.170841088475396,-0.9639492745856294,0.6741481679377549,0.5384099968352268
1.62915711881344,1.2801378470239093,0.037943074443489135,-1.4158921435159486,1.6518373952388088,1.0217304939215175
0.01587684308746609,-1.4431543588289766,-0.8501420485428508,-1.7179394456484607,-0.3697112615712142,-1.283764589603531
-0.35024190529182975,0.5457053979540796,-0.7871647010497679,1.2523302206276974,1.1638220212346029,0.12605701085867901
0.05772886398646681,1.0340399464123708,1.5396878022588143,1.0840476284006095,-0.8664471498008718,-1.0441279449301486
0.5100945114287045,1.6183921274355395,-0.4263591997794435,-0.8888702174302133,0.07157077405935484,0.2532110726902353
-0.2669911138492227,-1.3495497400977625,-0.6358547387398743,0.1537726454424126,0.714031495795963,-1.351168601456919
1.560953946595963,0.20320956515682517,-0.3447108575352377,0.2730568401988951,1.1297401176336028,1.8350151112839064
0.913945981384303,1.5550378300863499,0.32101146526237134,-0.5249333702824852,1.1865586457284516,-1.2837176937089976
0.6997021520387414,-1.0949122055827931,-1.40157819593344,-1.6886542303991507,1.3760092070790613,-0.10256676174295178
0.9316248440591417,0.5390350851985181,0.9094126380193703,1.5466644950843065,1.6844603338594921,0.39617956206139643
1.2134357481458946,1.4473881653884586,1.4205710060020564,1.6391134753875598,0.13594844723500335,-0.9581349432087602
0.9078092226332084,1.3985529921713034,-0.4057625135245021,-0.7634263453318197,0.9428162429457874,-0.842539712301622
0.47088018632871176,-1.1657170722468906,0.12586712718652257,0.6876272634059213,1.4879605355682426,-1.1138724572550747
0.9635881872876655,-0.7402445524426075,-0.15070904232867308,-1.4986541845596155,1.5182155305791247,1.5672932672595332
1.503075242839315,1.2001706243144628,-0.3659272694480442,0.10386956392349848,-0.8115368577534043,-0.614625575212845
1.2781572929518321,-1.5720088048686864,1.5556551249964208,-0.4589016240121026,0.7585332122810242,-0.4701574440364459
0.3680517363079064,0.7365717705148604,-1.3562134332851565,-1.6080089853420165,-0.04989556537843609,-1.29793041413575
-0.019611287901821827,1.542399324288654,0.29733243984359137,0.49762378340584645,-1.506193028463797,0.7933154569834744
-0.8973008765976384,0.4796918163886614,-0.31184957406292857,1.509572653114445,-0.82758066539046,0.4890251287593532
-1.4008102754182548,-0.47968291687220554,-1.2310814252664948,0.40428927300630274,0.24434264497772162,-0.49803409895692385
0.6283166236202897,-1.535868543191274,0.7340425524078871,0.22376563333872737,1.1209794193229878,-1.1875688677884633
-0.22526463246301348,-0.8063284886458968,-0.5128653310036386,0.22133433768286764,-0.40855204114751215,-0.45833005951777633
1.3107659402736462,0.8201280733147136,-0.8510218592060239,1.2042181931943123,-1.5879123505078678,-1.3441237026633357
0.7675895685397869,-0.7707835613927351,1.056708343080579,-1.4325456768108344,1.5101442742725122,1.7544926860892993
0.028640600815727894,0.1359614557567992,1.4884606810264744,-0.56691495944279,-1.017040221616499,-0.8817548770602267
0.766193935829972,0.4650742126236618,-1.0378975362684726,-0.41343975850790715,-1.3626303328309601,0.11605657674009463
-1.0742275098217304,1.009626763062621,1.1244058489838953,-0.7366882772897052,-0.997969752954164,-0.3549385263644363
1.036226797163362,0.11031987247283755,0.0872336796367942,0.5264584844410838,1.016831185941866,-1.909539646339986
-0.7987681073458901,-1.1512475324504197,0.03982369061911849,-0.25282625847074097,0.25160567250986066,-1.623456236838034
0.32114913874348006,-0.15024314810991582,-0.3309036768515264,0.43060011538580095,0.44725499125698426,0.9124117991474626
-1.435785676215928,-0.19758308055284704,1.0641867626717867,0.7446157392015151,-0.8132220596376338,0.4827603533475547
-1.58511491466125,-0.47184402462974984,0.564306428224298,-0.1961829025452787,-0.8522271752331527,-0.019565950992503363
-1.7060566361319227,-1.7466686811369212,-0.9234007044796468,-0.636340256125526,-0.7673916092196519,-0.32421078628212874
-1.4004695338128121,0.47417078367528587,-1.1594427661299793,-0.12189573418123958,1.468894106302563,0.2619135673222751
-0.7305543298546872,0.4129601850313465,-1.4512180138593047,-0.19428696701584597,-0.6982885750339028,1.1745758966328312
0.4242818847944902,1.34086694447677,1.6040518761760358,-0.03607194424282447,1.0885794838037286,0.8324759959125848
0.5476154203157136,1.038532967262577,-1.2402563826056356,-1.2269157982028882,-1.360216240425247,0.6002590239405801
-0.9752629194456641,-1.4020514920350922,0.3283162605697227,-0.6107664818491543,1.5161485562221246,-0.7948093528529958
-0.9265862892233944,0.03142452095729775,-1.3663866225601649,0.8271843624387487,1.1491621886142978,0.2580214510398292
0.27618323516315213,1.4598950691567998,-0.6899448247558619,1.0214694673503122,0.7736804806186282,0.7381974356124642
-0.1488010002948678,-0.8139451727464638,0.5284467876950135,-0.02772932897653612,-0.029031859644457602,0.3903089785973215
-1.3753135555119662,0.8930760706825789,-1.1983358826635613,0.5358258970564777,0.7588081200650638,0.2227941364751565
1.7957694814128091,0.1618272038480569,-0.8321723541044044,-0.2432423307070754,-0.9257876907843008,0.9235492797371867
-0.6865658619873162,0.029845742482233813,-1.026910603643227,-1.3143159097219932,-0.07851135051198725,1.7164584332770714
1.5588244271253153,0.605999039009918,1.2418646764357322,0.8264285496911878,1.1493028485168593,-0.7385855689666097
-1.2005088631037537,-0.22858029504197078,0.3547004055502378,-1.294330347300898,1.456634548177383,-0.00430915817177848
1.7254403262932703,-1.4311602434377206,-0.9269364259766215,-0.1868085345652184,-0.3795130126798021,1.250820902507688
-0.45435290158075947,-0.5710419207865954,-0.09125022579284608,0.3429234050503636,-0.6076849044450551,0.18774299146537102
1.5316611787207177,0.24186661114898372,-0.8349096056207186,0.3551093396520592,-1.0147773993807039,0.49784101756178867
1.3055395659331925,1.778338585765198,-0.6364165608660219,1.6665634309528021,-1.3793926333552073,-0.7161816538894051
0.8048624138656645,-0.891857894151113,-1.2362261373600474,-1.5419222513650495,-1.1248252284630087,1.5232065275117714
0.045482386758136914,1.2635324277339819,1.6576734361594614,-0.5974647375635617,1.3504005450645877,1.4917683191456232
0.20572145332543534,1.389392925702608,0.8795761105316481,0.56826305385868,1.4233799452191402,0.3986539500938731
1.123342145951389,0.5558662287785693,-1.4651134183939958,1.1586102004163985,-1.0046099515839073,-1.871969266945344
0.2940327822138543,-0.335336545619991,-1.2295944676116102,-1.4144639974345032,-0.9052025245354186,-1.0259359573520936
-1.2100040101638334,1.0505280219461102,0.2031025177545729,0.7828271461854093,1.0137339573467428,-1.2653548325098436
0.8230625334872772,-0.7123328901211726,0.16190602268526072,-0.20528311922123652,1.2198994594166586,-1.537502125165651
0.6590534886966569,1.2317984850024923,0.6885512532407589,-0.8375876745718955,0.8478824291227404,-1.665962112752694
-0.6793038896288642,-1.0721806067270514,-1.0291359491782122,-0.03807806934292621,-0.7115363291504035,0.3102030987710404
-0.24761606242622983,0.9131132312699186,1.3423838005524367,-0.031816569631210795,-0.43865859512924793,0.27182918460145106
-0.4958636402711184,-1.61228066263109,-1.5415409126376831,-1.7056486945058618,-0.50369211540728,-1.469295115881418
-0.3137387725436441,1.4528539679820385,0.5797188589075318,0.39310930998073595,1.419938045514802,-0.9631534183914386
0.41745893219442354,-1.3741942606460602,1.624134705956173,0.5668146015246103,0.2043948842279681,0.5043807352667053
-0.1387772649128424,0.34905355000068905,0.3114548287912182,1.778358238054803,1.6532276390200207,-0.8466270156121689
-0.18230349936745574,0.7319443345007572,0.3767892161549449,0.2438070446734244,0.9525586702923703,1.055055480334933
-0.260144284581305,-1.3431668499720841,0.6131210359160963,1.4726818256849818,-1.0615774212941955,-0.1645405797920526
0.9826764034978425,0.23359506142073297,-1.7049370626104448,-1.1283074428710211,-0.21878212026104754,0.04334394723020603
-0.8319312194109124,1.1655473671277397,1.0649187510560691,0.04433138639463874,0.08591121488929516,0.4767190982165495
-0.14000350061521785,-0.04178710590887506,0.6526653615387165,-1.6548045640719917,0.08511295665103213,-0.061493710927029
0.6787024931552027,0.9652241069810739,0.28050164482251105,9.989857407500404e-05,-1.5853625137386231,-0.9052161596266378
-0.5882267312121744,-0.1880905651368934,1.5773971978613774,-0.6689679227499898,0.7040883233481185,-1.2121449520445897
-0.7992428635698987,1.2910298655147379,0.813886021635379,-1.3959875568273157,0.27881417396477653,-0.3149523938229255
0.2569277305634171,0.16378094397726162,-0.18608422682757525,1.238293781285287,0.27802898733953674,1.510638025987169
0.32457409563036704,-0.09001194407950282,0.6397094437848857,-0.19374642583643767,1.6618794168108766,1.2607870987250183
-1.006408554749277,-1.0202532372497959,0.06976060059899054,0.3765566725907051,-1.5675774592387302,1.1190205258445707
-1.186433618150012,0.2338472528760633,1.3358064880644083,1.3049731683711534,-1.0587886243852096,-1.4428437929800568
0.35532806006529755,0.05949635753276735,-0.6534240907659085,0.7437604007062897,0.18002729414320431,0.3713759073433151
-1.2799468118594737,0.2808441126803781,-1.4728721308783266,1.230363404750884,1.318251271253524,-1.1897007938443147
-0.8835252392408004,1.3352181383128683,-0.7462500354041578,0.7823286305499241,0.8099526924096774,1.3810069929114168
-0.7193809474976739,0.21364028255360867,0.9600101257837398,-1.4576919486626232,0.8961919228453903,1.079873128733874
1.0285462910977856,0.10392293345118346,1.6642220854570513,0.93550151998925,-1.083843219932583,0.5999653511490636
-0.5947486713800217,0.215769701519729,-1.391648298648513,-0.7693311702547333,-0.7135780859744912,1.0764694502416472
-0.9789133828732656,-0.9517844942337416,0.5162338027115617,-0.42266776364004005,0.019728217377215328,1.0909427696525886
-1.2365235818797995,1.1590284180933828,-0.690704131525746,0.5167351052238228,-1.348560077833182,-0.8650070605124329
-0.0925040416311603,-0.6579683918162579,-0.12734527686030953,-1.6091503791486168,1.2893718906899672,0.7676471494624303
1.426091464985161,-0.4482497518553104,0.258132381560711,1.24483534405541,-1.359152535521166,-0.6864766644855037
0.2760907640189583,-1.3277274703955364,-0.01483098692265778,-0.2440082777678077,-1.7075600810373552,1.0840924832862442
-1.4941707951915213,-0.975411080804736,0.7119986319508065,0.4653464731114505,0.8112550403986402,0.46834702577094806
0.46616281428333545,-1.343589892349461,-0.34536358633402425,0.9480374312836197,0.6719565921011766,-0.3197357188183571
-0.24404935215081733,-0.9633734140823189,-0.702648026450271,-0.2269989795236194,-1.600850863823432,0.7264648320482082
-1.1779421393627534,-0.08446122200123224,0.015346213834649004,-0.6016185771039312,0.49021695902765106,-0.32560162555070665
1.1067384302594125,-0.897450179393137,-0.35274820324912987,0.7119091291529784,-1.5613568040662753,-0.8204930126922094
0.9914093343809438,1.6880247021417505,-0.7429447866042135,-0.640720074366611,1.348879584010577,-1.6910712905970509
0.6642788448896035,-0.7085245506044066,-0.7823060351845545,-0.866175203507341,0.6452985923736096,1.5691725963040433
1.1860316167621703,-0.4039267127180281,0.9639087275838834,-0.7803149255981541,-0.23286909059672029,-1.5572613523084047
0.4005445310556668,0.7141324776816825,0.36189699211476545,1.1717051334657314,-0.5864779239332129,-1.5772500318147138
-1.3706902086557782,1.2480626788442946,0.46075668610658127,-1.3022274116762151,-0.6309298107997399,-1.5915051224640442
-1.126884904530157,1.4868164080486928,-1.0477939476289246,-0.04799912324425935,-0.38220899123726165,-0.02518527014850542
-0.3701270636512426,-0.9083462837701641,-0.6342927553602873,-0.27901346005619154,-0.3396717469168851,-0.6387703611343871
-1.6330095187134188,-0.7836051102877356,-0.1419050882348798,1.1347428496797287,0.5840432660647178,1.3013265501764428
-0.11171904822910951,-1.2966322778979846,-0.21726963979550118,-1.4994248207556629,-1.6007935656141723,1.1664532616024803
1.54263356932682,-0.7177135920548113,-1.4074417332090503,-0.4889442536298873,1.7072780530078635,-1.069093655896913
-0.4080991143575685,-0.045909838429374406,0.2867159634479193,0.6985729799455016,-0.5138823640782285,-0.7492750714595215
0.9357427721532834,-0.4731093026460334,0.03895745567707585,-0.5958056057803283,0.5781006051406676,1.6291116565677295
1.0843876091088556,-1.0395515503478578,-0.05283528980740756,-0.7690419207624823,-0.6035465593541117,-0.20707812928057945
-0.22791580680832071,-0.27780887327442105,-0.9124198379335312,-0.5950402510437744,-0.34082132971458295,1.4064756160287815
0.734824883177812,1.6084085725385628,1.2996314824772177,0.7535093754059033,-0.8076015685188558,-1.3644083679118808
0.35536250974159306,1.0039772900073627,-1.0937813585400966,-0.4273668827813235,0.6643783921007145,1.4606396922623202
-1.377562781904606,0.6041410775557167,1.2251555428372647,-1.1966364429826766,-0.41614444732613626,-0.3181692628361387
1.3033228783777928,-1.256564170881656,-1.5166612952257794,1.2598731111018553,0.21905417223802212,-0.5936732726294052
0.6951987196981243,-0.3074719810328552,1.4694596854170412,-0.1287225553605285,0.4088973311182969,1.4867280599728876
-0.15983748427791222,0.5949739054327698,0.7452472817247248,0.7014483348071101,-1.009769784205786,1.6882648833916893
-0.8378174357279056,0.5900362488187573,-0.9067939486802229,0.21335817839833687,-0.7624393574213808,1.354965605213478
1.089960567404486,0.953289596435433,0.8636834171977638,1.1907383892962378,1.3522814856008871,0.24385317840580864
-0.7050294853590997,-1.1235009074833096,0.8211524218730364,1.6354014194509372,-1.408432875248999,-0.3594680365920332
-0.11586380473367389,0.6036704250601429,0.7223456870230474,1.5544139316388685,0.8339875074429571,-0.7242668396108161
1.3236519657533774,-1.1984328319333561,0.4637849824008044,1.5303631430114848,-0.9249953268880705,1.2974041124825744
-1.2637465219077262,0.048865686788888946,0.5366599930992715,0.5067413058243887,-1.3502417040431398,-1.615855261977319
0.016200521903906476,1.0579701924392741,-0.7135337501765918,0.10401887564189903,0.29968346240632987,1.5950676981781189
-0.16039088552179712,-0.19610730153251316,-0.4088042285366936,1.3993634763583573,1.308263483923087,0.9538019005417416
1.2713025728731797,1.5459251595156742,1.2813496347914406,0.023864633332237963,-1.547286529434414,1.646388918602993
-1.6171414806770044,0.7022409716951834,-1.2425547031326512,0.10012797123699836,-1.8391271828798552,0.16478203436468383
1.0282689623677397,1.5537895211452188,-0.5476069619533346,-0.47169514415158703,-0.6330317901396684,-1.4944650178135654
1.1650213332659873,-1.2337052066332796,0.7444743044176245,0.9379898118380156,1.1587742190547126,-0.9282308378408322
-0.21236735073450694,-0.6544452346509019,-0.012131041876830076,-0.07709202794461709,-1.596481594046726,-1.261048499619733
0.3949266199278758,0.9569993546606247,-0.5635614940924849,-1.141475763328749,-0.5417885285825316,-0.4165694954805406
-1.0556174328697039,-0.17034642341484352,-0.7789694438801937,-0.2563422515721857,-0.5655526911026446,-0.8007611558688148
-0.19093765815787703,0.19922510438766375,-0.027492577911941034,-1.4583535526423348,0.19970480721550118,1.4555211932685281
1.6257174802777306,-1.4396152833605704,0.7331418876332185,-0.3209920138017704,-0.4829725546882536,-1.6256599728166532
-0.4440079967129674,-0.0025091243268054704,-0.6429548979431688,-0.45956671444183184,1.3522561986780146,-0.30174097279319534
-0.8516432241701362,-0.8580413458754452,1.5871219871542699,1.5818654969397934,1.1342923448415794,-1.5753123504882551
0.5208172152989415,-1.0082861256215003,-1.2583777040918656,1.4645937131424118,0.3229122359973658,0.03931420536254527
-0.27880776902292015,0.5359425335165602,0.2059229493153595,1.066704893823399,-1.3365910398236394,-1.1826070102021704
0.30740964471686866,-1.7819446873016123,1.2815435381492848,-0.22895007190364983,-0.9461158824554408,-1.2498873636728998
-0.7342396130668285,-0.08265404122270016,1.389843841518183,-1.4070192527942131,-0.3381122810571265,0.7199061799019981
1.3804229915755117,0.5371765444067911,-0.41369955479410037,-0.5281245035328719,-1.5054356594220315,0.12854007563485031
0.5458865812485055,-1.8149504246628705,1.0504432994468131,-0.39647861019067665,-0.35588144133996796,0.2745972314666958
-0.9377794011607177,-1.2204751653571901,1.182406598902404,-0.7344063205982113,-0.34944579595262026,-1.654604001113284
-1.3965243453839498,0.9150093019750659,-1.4941416937601089,0.638368497875727,0.3710339297229103,0.60857662013575
1.2733793192518277,-1.3282389706946283,0.5483099843046244,-1.1183745647774077,1.4850924399555794,0.4226866373699026
0.19719836193691542,-0.4148170838753797,0.9849619200362736,-1.6358531044741167,0.023827681836844077,0.702382713172425
0.26896670724131927,0.2975232310088698,1.4848117410541886,-0.5129778528412829,-0.10250170965540453,-1.8691928634771175
-0.4069545433277565,-1.6576792726801637,0.0016018233966414316,0.4638831364971715,-0.5650720328431367,-0.9186036267868083
-0.5118530315429783,0.5114662596114319,1.461110680068474,-1.1327672971456544,-1.044773154988772,0.15360114804406522
-1.3833749472315324,0.7682655362337079,-0.9671399714806632,-0.5591075407129003,0.6305917826583525,-1.4961737566685298
-0.6501271174488655,1.5192116165763403,-0.11798050874289381,-1.14329797648925,1.3475641973916062,-0.038417526487368354
0.0713589103607449,0.021794797899981417,-1.2455784841908486,0.4931244594323789,-0.5136905812944089,1.3615652584015918
1.4685698496759516,-0.8652740121734622,1.3870097498425205,1.475538305966271,-1.4126534056995221,0.3337863743738182
-0.8138954775105728,0.3754448460359924,-0.6188343623900787,1.4525732413308796,-1.2891662105022272,-0.4662674244895616
0.4488458487445185,-0.17939917378259992,1.3386851155705315,-0.6205403801844542,-1.3530108612242484,0.5483012510280044
1.304230879487049,-1.3987572873470788,0.20580863696049315,-0.2112716283262778,0.2509851441580867,-0.19134343112352264
0.9303789299235876,1.225860745677688,1.2496586260371296,-0.6417171352629807,-1.623094852809352,0.9396106915105096
1.55753510668255,-0.5341693397957863,0.9962552448204014,-0.7477970065768547,0.9200435505348364,-0.786686224151754
-1.0155426498071543,-1.6251989010941068,1.1830832227656403,-0.8789101015364268,1.2656822410110875,-1.5821200908677033
-0.8707886659518592,1.118636212378641,0.2975958549161828,0.8853704119566327,-1.4009704133524203,-1.1354957287920209
0.16297484539330473,-0.9214858409835563,-0.0905964534053843,-0.8554391024829345,-0.4157664583765772,1.1934694713936385
-1.3305489327917734,1.0616899012050642,-0.3617338199302894,0.6100882349550196,0.7582289510443933,0.9961900896412387
0.9201686141947312,0.661515383601727,1.408184426922568,-1.6060341159822205,-0.7476642951147459,0.10613639393956564
-1.4585808979649066,0.051455875748846976,-0.32391261292353785,1.7633421231978998,0.35241109018848504,1.2727632974611611
-0.11135239178348888,0.309549986042292,-0.781314618681753,0.7626121399389776,-0.9394844921381315,0.08772823493207783
0.10021768616497995,-0.16166338053782356,1.5659742393837934,0.6978028404604948,0.9904789709259673,-0.4003822613921637
0.3648243975972015,-0.6169281895832224,-1.6390576737662785,-0.5847417000182119,1.0269983679710035,0.2974505069963383
1.441416527123075,-0.8308314840885301,-0.8062318505039656,-0.8193877315133025,0.8427151622127589,-0.4339895678656103
-1.5646337915485609,1.154183046211182,1.3630404473730724,1.6569918676236297,0.9579192851996385,1.068880913980045
1.6537741438571494,-1.0226609525126185,0.656436577024447,1.653198627402268,1.6390202471852982,-0.17690225088555223
0.4805042714728058,0.3288544776758571,1.0628093760505928,1.4371360645568412,1.6610585539275105,1.2108205568184474
1.5806304864419847,0.4554319186836429,-1.0379380690412632,-1.3571616566189666,1.7415555716785318,-0.10896267242604812
-1.6269247207909596,1.495172181665693,1.1926126456015274,0.008947277408668438,0.2658003947147398,-0.8279873490859451
1.3747833884164125,-1.0135398030845648,0.7659610634710872,-1.6104399391165896,0.1121954241685677,0.6169878827108515
-0.5104340550099205,-0.8831914870529921,-0.22842172185647067,1.785120258601395,0.38052753396947536,1.4514044168017448
1.2814622219300225,1.704738810240802,-0.6388091124956825,-0.4625123097063054,-0.8251426015001608,-1.3531474808498087
0.2544525566260202,-0.7361704412071591,0.0013834853359687843,-0.0967931618222048,-0.8919281062527735,0.8560298928238591
-0.10762007561550327,1.5871931586928767,-0.10854126293210055,1.3741599323337426,1.8293632314127715,1.0244548931125728
-0.28333277521287903,0.3649900242290823,0.7663009573998911,-1.6143293645727939,-0.6242317702158322,-0.2349772301851461
0.2110274151011698,0.9658615804817053,-0.6736904582595474,0.3492834565547748,-0.5460080786689645,-0.5503350558962313
1.326599671739874,-0.315121350253429,-0.641223697502134,0.9060837552938477,-0.3637254606695218,0.34757959631995095
-1.5012991252454069,1.4339503219195164,-0.3777002881952537,-0.4488258061541098,0.7782106417058461,-1.479747770281737
-0.4146939051202851,-0.2653736454802718,-0.6052025429798958,0.734967468492765,0.9189058107291282,-0.9642209417615191
1.6386066962929244,-0.7691417613498351,1.4922359816979605,-0.8871898265235517,-1.603878098729918,-1.1716235571877247
-0.9777051829524824,0.5141245483948725,1.0351200228737678,1.3125761797757873,-0.03142546525977218,-1.5461322010754068
-1.4475425828024682,-0.0822839568938911,-0.29121454564169574,1.4718104538109669,-0.5179323790765077,1.1138486013293516
0.6503091143162081,0.3305014859806524,1.4965706212623615,-1.4180095159351163,-1.2662654860478382,-1.764682322176929
-1.5571350947379603,-1.0957466101948365,0.4555145272314841,-0.9569629791171474,-1.493457873652551,1.183647752844818
-0.4933850990597342,0.2622698402367365,-1.6278912247174873,0.6890606358847369,-1.6293374591502408,0.8879047210209652
1.3460123202676495,-1.3371686226595456,-1.5363825954244432,-1.0810815277128425,-1.1234369503449844,1.0324523284939982
-1.6823247812201194,1.697495720959656,1.133627021077297,-1.1084709867554272,0.2145344846269178,-1.4235547339571497
1.2955655656203369,-1.5168716139788743,-0.06416853876820226,-1.1250830337165456,0.45756241132260256,1.0723750377716248
-0.1619443661024628,-0.6190224737546909,0.7478412119929234,0.2593282981607317,-0.010628282003787725,-0.1464160144863679
-1.7040774027526189,1.5158873450168762,-0.9373553117231104,-0.4033589577184257,0.6000802103773991,0.11914662164047184
1.6940486631877882,-1.0073632166533284,-0.9526399169885997,-0.9315640933421125,-1.1284359847886196,0.4242084469412704
0.9415494012093429,-0.6938172298806261,-0.5843893400956562,1.8556022751509154,-1.0379117337012045,0.9982210983461787
-0.9956127303732042,-1.2857085521157625,0.9327805235181839,-1.2656604556557367,-0.4973885602757831,-0.05406059221904157
0.7540870498252883,1.243423481734012,0.4790650551816613,0.5695706431264456,1.1261819709374152,1.5783388155597293
0.06506760917541754,-0.655613378367502,1.212082339601086,0.9918618745182407,-1.3229308448248902,-1.8492557574680493
0.15918413647234828,-0.7975774968919557,-0.10676303443081324,-1.2050407048337974,1.7455595300303488,1.2800560796344476
0.007045824955166342,0.7550992215241514,0.7944656072244715,-0.27222358264033514,-1.0484058402703205,0.49958396039643227
0.19310433173234048,-0.03990567811262684,-1.3342108785321207,-0.31073047621693256,-0.6958172395187907,1.453335670045735
0.8186929388871551,0.5098734456052372,-0.829966827621265,-0.02324285813653633,0.5883885419769533,0.8956147886545007
0.5311449489476961,-0.9377770002565247,-1.0672955752908975,-1.4609337488800578,1.619689030642067,-0.36240950027595464
-0.9275380008149456,1.1345784229071108,1.3932619901588943,1.8060128866249796,0.08431684261865774,0.101930514653533
-0.49798958282744155,1.07725932897392,1.0257921936515746,-0.532587557006462,-0.34247297041704766,0.03956269485568759
0.12393483057856186,0.9512207358602348,0.39261785212978245,0.46631495244002796,0.7585708885257553,-0.8789637597285261
1.7390667494062666,0.6515914898483186,-0.12311588542922076,-0.45720242118741283,-0.7987888483972989,1.692786664167991
-1.4487518443308056,0.9026692986334204,1.6359247283250689,0.9527267075146131,-0.9754027075657591,1.1059491639531291
-0.2474993883112768,0.276489855775785,1.0056342098417659,1.6519119443033434,-0.6983365790930754,1.5840372039428605
1.640093226738008,0.8803102285418563,-0.7318333925408845,-1.226579979733986,0.20203431295231591,1.6379389864302945
1.0132810623957738,1.417597004613015,0.6956811198029555,0.11241790700693115,-0.6661710539455433,-0.08590109494572776
0.3471188441251798,-0.08321331171172038,-0.6068122023076267,-1.0885989762733401,-0.8897555108586566,0.772299836710733
-1.3015874532797294,1.471531241545685,1.142824758629024,1.198840438142461,-0.19465012709289956,0.7988336802895445
1.06928046424223,-0.10225155814701986,1.1987516147747017,-1.4858203308738307,-1.0824145285839282,-0.18372342044362253
-0.46059247713491,0.6862133272170952,1.0751789572907093,-0.3784827214438081,1.6524858401270481,-0.8644754034667192
1.622958191433192,0.8679484616818429,0.8627203227907048,1.1636975337143887,1.5214418896070967,1.607603130230351
-1.2479561585295986,0.9154984162286918,-0.8736029118495419,0.9084214269162204,1.1640517796259418,-0.7056716253436514
-1.381470759959215,0.9118763312050139,0.4046671934434915,-0.9841755815019126,0.16728580921539762,0.06287052919514721
-0.9875947880863096,0.020320439788680308,-0.4679238322417418,-0.9607928167865448,1.031025123346178,-0.10858863827133003
0.5125519021293141,0.7360532188738325,0.29897437920104314,-0.9873343975752986,-1.529307180076752,-1.7959495393097946
0.3780253915081438,1.5317712301414315,-0.4200350977707254,0.32492800947688166,-1.1927378828595097,0.16178685528209386
0.7411325453579248,-1.1532203182790406,-0.039004115356333996,-0.9010567611794453,-1.2645655745552444,1.5503042400580045
0.28105952699459563,-1.2776872303961198,1.1260663516979292,0.375240370660141,-1.0901713830340642,1.4492057792788162
0.48937125594146325,-1.501295134473319,1.6564355463169576,-0.7563671950602678,0.2124229769774572,0.18568448052495073
-0.042489030440647085,-0.28427152086558627,-1.5182859342555572,-0.3374856834495388,-0.6564133670453449,-0.9047135563916529
-0.575032125944817,-0.8783049433788971,0.5791865261052535,-1.2779913100810905,0.2036641376243992,-0.5751958338079415
0.1817821952288707,0.247981193371241,-1.0404615044632561,0.13031209512360506,1.565729280071215,-0.23138411845335982
0.10879479633543722,-0.3366790810514891,-0.792640421676834,-1.217619393533538,0.6407285744968697,-1.5284050842268995
0.80371464584331,0.10388582334761154,0.993120014768959,1.6257118262607557,1.3569846478181362,-0.5158893946246937
1.6653209922794359,-1.1288989368403393,1.7188462701913105,0.1816245976221457,-0.94934341524495,-1.1173212301756772
-0.050939134091178895,-1.6362149087250315,1.5021696870678516,0.9667559684667772,1.2804122327682876,-0.813827372757387
1.4727611582591764,0.6702272885008441,-1.684755025987264,-0.7635428199238095,0.8990271696629747,0.3779052023767157
1.3755702534199439,0.72427534709196,-0.024529125109832652,0.22238571574199587,-0.7527883612576061,0.5606653593930568
0.8173608549308791,1.2327579234588122,0.20810051694150222,-0.14384696062243427,-0.8525198738558971,-0.4543031427214222
-1.5162110451694468,-0.6581032347430474,0.7044834996235766,1.3038441029808359,1.3067842818199087,-0.0929909730858241
1.0664157268116894,0.5013136235881369,1.371927799839552,0.7367141231711062,0.4613004951949853,-0.1750630278725636
-1.2210876628729954,0.4129120910380315,-1.0884344569444369,-1.607989102618895,-0.6183946114751714,-1.4478533646731002
1.5364177464164,-1.425611939608279,-1.1395169632109263,-0.40449928951973185,1.2793380346284593,0.31137038167041203
0.7946854724521212,0.6327384452841204,0.025489016707451004,0.4375897887047472,-0.7691477639590398,0.38506488707984343
-0.2359235833616292,0.9938733576640563,-1.2143189137876929,0.5651900073713981,-1.329304098290458,0.9829506591748528
1.542838020994964,-1.0156801037212175,-0.059102595336205946,-1.6208024466466409,0.18814679183185143,-1.2822247275709036
1.54232457417157,1.2743247508593363,0.019234609053926068,0.5490740562652364,1.2557865386466094,1.7641744053968456
1.51880251991042,1.4449746574752558,-0.7397853890782767,-0.4875696109174406,-1.5442738825926385,0.4003569474499627
-1.1067775316415336,-1.2357924472004942,0.7188679592060203,-0.3591326116856672,0.6623324140792213,-1.4554441181794324
-1.5974392223263343,1.1234968737946949,1.0580000254323703,-1.5084372717828023,-0.20533431571076524,-0.10450265003149446
0.5870714512665315,-1.801798585066696,-1.561055242613923,-1.1115699035404896,-0.28150987573139785,-1.4979213892187806
-0.0684304290655058,1.095120107574315,-0.15405837496703667,-1.4795583500574103,-1.505754565502994,1.2028357326157373
-0.30431841134367543,-1.6346004658852782,-0.8142291861998605,-1.2424321379799563,0.6408523959185183,1.5193273493937354
-0.282627147553452,-1.3100117512847755,-1.5440896748810917,1.587004526592392,-1.572474275272306,-0.32147871021335683
0.4814522802250481,1.059792647114202,1.1804118961454007,0.3790806894598102,-0.3530031548137816,-0.09600491181582602
-1.4823655208114719,1.3639031458092243,-1.3526540624636867,1.0498503658293559,0.3367981290959922,0.5859588401632163
-1.5423826633549473,-1.17635768610606,1.647262121574718,-0.27048973112429553,-1.2026136890241925,0.9704931717922837
-0.6633983249382909,-0.41242278570788277,0.6309093438990605,-1.4714764919251773,0.7273019027895028,-0.5908295373885336
0.4053882843814397,1.6061700249477981,0.21684016334232875,1.4306859485540147,1.366031650644339,-0.1439374574230023
0.005497172233518772,0.4740631274376066,1.52612134418397,-1.1760869472439217,1.4561947440689764,-0.06963270089017921
